course.canonical_course_id,course.course_id,course.course_name,course.course_num,course.dept_acro,course.dept_id,course.prof_id,course.prof_name,course.professor.dept_id,course.professor.name,course.professor.prof_id,course.professor.school_id,course.professor.teacher_id,course.resource_url,course.school_id,course.school_name,course.term,course.term_string,course.verified,course.year,course_id,db_filename,description,doc_date,document_pages.page_count,filehash,has_answers,is_featured,resource_url,title,total_views,type,type_ml,type_string,user_id,username,diff_date,avg_views,base_date,excerpt_notes
685151,4328431,Introduction to VLSI Systems,271,EE,10339,1245,,0,,1245,17,,https://www.coursehero.com/sitemap/schools/17-Stanford-University/courses/685151-EE271/,17,Stanford University,1,Fall,0,2013,4328431,10267341,"EE271 Project Description1IntroductionFor the EE271 class project you are going to work on a micropolygon rasterization unit.If you have no idea of what a micropolygon or rasterization is, dont panic (yet). We willexplain both of these terms in the d",11/10/14 22:47,35,5afa2c00437655745196b16a7d3654a047a8c6f2,FALSE,FALSE,https://www.coursehero.com/file/10267341/ee271-Proj-Desc/,ee271_Proj_Desc,158,notes,Assignment,Notes,1.00001E+14,NicholasS25,3403,0.046429621,3/5/24 10:00,
685151,4470661,Introduction to VLSI Systems,271,EE,10339,960975,Igormarkov,0,Igormarkov,960975,17,,https://www.coursehero.com/sitemap/schools/17-Stanford-University/courses/685151-EE271/,17,Stanford University,1,Fall,0,2015,4470661,11204470,"EE271 - Markov - Fall 2014EE271 Problem Set 4For all the problems, please use the following values where needed (based on 45nm tech.) = 0.0225 m (half the technology min gate length)Rsqp = 26 kOhm/squareRsqn = 13 kOhm/squareCgate = 1.2 fF per m of W",4/15/15 14:59,5,c7f58307ea057dc01db3fb8cb2475806ed7a5a82,TRUE,FALSE,https://www.coursehero.com/file/11204470/HW4-Q/,HW4_Q,99,homework,Assignment,Homework Help,1.00001E+14,EarlResolveSeaLion1430,3247,0.030489683,3/5/24 10:00,
685151,4328431,Introduction to VLSI Systems,271,EE,10339,1245,,0,,1245,17,,https://www.coursehero.com/sitemap/schools/17-Stanford-University/courses/685151-EE271/,17,Stanford University,1,Fall,0,2013,4328431,10267362,"EE271 Horowitz - Fall 2013EE271 Problem Set 10. Stanford Programming Environment &amp; Customer Designer Tutorial (10)In EE271, we will use Customer Designer, which is a layout tool from Synopsys. It is alreadyinstalled on the Stanford server for the clas",11/10/14 22:47,4,0585b3abd1d1f1ebf46584156fa3d4aed610dd63,TRUE,FALSE,https://www.coursehero.com/file/10267362/HW12014/,HW1+2014,84,homework,Assignment,Homework Help,1.00001E+14,NicholasS25,3403,0.024684102,3/5/24 10:00,"Second round picked, as only 3 cat"
685151,1621487,Introduction to VLSI Systems,271,EE,10339,352354,OFER,0,OFER,352354,17,,https://www.coursehero.com/sitemap/schools/17-Stanford-University/courses/685151-EE271/,17,Stanford University,1,Fall,1,2012,1621487,7992358,Lecture 9RTL VerificationOfer ShachamStanford Universityshacham@alumni.stanford.edu /shacham@stanford.eduCopyright 2012 by Ofer ShachamOS 2012EE271 - Introduction to VLSI Systems1Recommended ReadingSystemVerilog Language Reference Manual (LRM),6/28/13 2:44,86,c92d201b00f65a868657d9b8034e36f6c33028cc,TRUE,FALSE,https://www.coursehero.com/file/7992358/ee27112lect09verification/,ee271.12.lect09.verification,94,notes,Slides,Notes,1.00001E+14,xguo1234,3903,0.024084038,3/5/24 10:00,"Second round picked, as only 3 cat"
685151,1562237,Introduction to VLSI Systems,271,EE,10339,352354,OFER,0,OFER,352354,17,,https://www.coursehero.com/sitemap/schools/17-Stanford-University/courses/685151-EE271/,17,Stanford University,0,,1,2012,1562237,7498307,"EE271 Project DescriptionFall 20111IntroductionFor the EE271 course project you are going to work with a SystemVerilog implementation of amicropolygon rasterization unit. If you have no idea of what a micropolygon or rasterizationis, dont panic (yet",2/7/13 21:55,35,d98ab4fef18bff0e7378241866cedaa2f72c4145,FALSE,FALSE,https://www.coursehero.com/file/7498307/ee271-Proj-Desc/,ee271_Proj_Desc,95,notes,Notes,Notes,1.00001E+14,doublestick,4044,0.023491592,3/5/24 10:00,
685151,4328431,Introduction to VLSI Systems,271,EE,10339,1245,,0,,1245,17,,https://www.coursehero.com/sitemap/schools/17-Stanford-University/courses/685151-EE271/,17,Stanford University,1,Fall,0,2013,4328431,10267360,"EE271 Horowitz Fall 2013EE271 Problem Set 2For this set of homework, please use the values below where needed. = 0.0225 mRsqp = 24 k/squareRsqn = 12 k/squareCgate = 1.2 fF per m of WCd = 1.2 fF per m of W (diffusion capacitance)Cwire = 0.3 fF per ",11/10/14 22:47,7,5f00fadf07baaf77cb13b3bd384c0d29017aba44,TRUE,FALSE,https://www.coursehero.com/file/10267360/HW2/,HW2,79,homework,Assignment,Homework Help,1.00001E+14,NicholasS25,3403,0.02321481,3/5/24 10:00,
685151,4328431,Introduction to VLSI Systems,271,EE,10339,1245,,0,,1245,17,,https://www.coursehero.com/sitemap/schools/17-Stanford-University/courses/685151-EE271/,17,Stanford University,1,Fall,0,2013,4328431,18003960,"EE271Introduction to VLSI SystemsAzita EmamiComputer Systems LaboratoryStanford Universityazita@stanford.eduCoordinator: Prof. Mark HorowitzMAH, AENEE 271 Lecture 11Lecture NotesThe lecture notes are the principle reference material that youwi",11/27/16 7:47,27,188726fba41c9d06504e90eed028a98470c8c2c7,TRUE,FALSE,https://www.coursehero.com/file/18003960/lect01/,lect.01,61,notes,Notes,Notes,1.00001E+14,tonyyyy69,2655,0.022975518,3/5/24 10:00,
685151,4328431,Introduction to VLSI Systems,271,EE,10339,1245,,0,,1245,17,,https://www.coursehero.com/sitemap/schools/17-Stanford-University/courses/685151-EE271/,17,Stanford University,1,Fall,0,2013,4328431,10267372,"EE271 Horowitz - Fall 2013EE271 Problem Set 3 SolutionFor all the problems, please use the following values where needed (based on 45nm tech.)- = 0.025 m (half the technology min gate length)- Rsqp = 24 kOhm/square- Rsqn = 12kOhm/square- Cgate = 1.2",11/10/14 22:47,15,4ea85c0c3884c9d9caff5d7002dfd76d5599b96a,TRUE,FALSE,https://www.coursehero.com/file/10267372/HW3-sol2013-update/,HW3_sol+2013_update,78,notes,Assignment,Notes,1.00001E+14,NicholasS25,3403,0.022920952,3/5/24 10:00,
685151,5087035,Introduction to VLSI Systems,271,EE,10339,1245,,0,,1245,17,,https://www.coursehero.com/sitemap/schools/17-Stanford-University/courses/685151-EE271/,17,Stanford University,3,Spring,0,2016,5087035,13716262,"EE271Introduction to VLSI DesignBinh Q. LeStanford Universitybinh@stanford.eduCopyright 2016 by Binh Le,With significant contributions from Subhasish Mitra, Mark Horowitz, Igor Markov, Don Stark, and Azita EmamiBL1Notes on the Lecture NotesThe l",3/14/16 13:06,51,ca1deff617bb2a1a584dd44b9b98383c501c0f91,TRUE,FALSE,https://www.coursehero.com/file/13716262/ee27116lect1Introv6/,ee271.16.lect1.Intro.v6,64,notes,Slides,Notes,1.00001E+14,xingyuliu,2913,0.021970477,3/5/24 10:00,
685151,4371234,Introduction to VLSI Systems,271,EE,10339,960975,Igormarkov,0,Igormarkov,960975,17,,https://www.coursehero.com/sitemap/schools/17-Stanford-University/courses/685151-EE271/,17,Stanford University,1,Fall,0,2014,4371234,10553506,"IBM T. J. Watson ResearchNameBusiness Unit or Product CenterTechnology Optimization for HighEnergy-Efficiency ComputationDavid J. Frank, Leland ChangBased on IEDM 2012 Short CourseOutlineTechnology scaling limits and energy efficiency The need for",1/13/15 11:45,61,4f72ba5210ef83174e2dbb04d1ab0899895976ce,TRUE,FALSE,https://www.coursehero.com/file/10553506/ee271lect09TechnologyOptimiz-1x/,ee271.lect09.TechnologyOptimiz-1x,68,notes,Slides,Notes,1156296118,1156296118_ch,3339,0.020365379,3/5/24 10:00,
685151,4328431,Introduction to VLSI Systems,271,EE,10339,1245,,0,,1245,17,,https://www.coursehero.com/sitemap/schools/17-Stanford-University/courses/685151-EE271/,17,Stanford University,1,Fall,0,2013,4328431,18766825,"Autumn 08/09Prof. Subhasish MitraPage 1 of 4EE271 Homework 3Due Monday, Oct 20, 2008For all the problems, please use the following values where needed- = 0.05 m- Rsqp = 26 kOhm/square- Rsqn = 13 kOhm/square- Cgate = 2 fF per m of W- Cd = 2fF per",1/10/17 3:25,4,6d07dc7d05969de88cb761324ab8876cdb1f8ad7,TRUE,FALSE,https://www.coursehero.com/file/18766825/hw3/,hw3,51,homework,Assignment,Homework Help,1.00001E+14,parthamurali,2611,0.019532746,3/5/24 10:00,
685151,1621487,Introduction to VLSI Systems,271,EE,10339,352354,OFER,0,OFER,352354,17,,https://www.coursehero.com/sitemap/schools/17-Stanford-University/courses/685151-EE271/,17,Stanford University,1,Fall,1,2012,1621487,7992347,"EE271 - Introduction to VLSI DesignOfer ShachamStanford Universityshacham@alumni.stanford.edu / shacham@stanford.eduCopyright 2012 by Ofer Shacham,With significant contributions from Subhasish Mitra and Mark HorowitzOS 2012EE271 - Introduction to V",6/28/13 2:44,14,b8acecb6072687d7f090135a772335741e8719e6,FALSE,FALSE,https://www.coursehero.com/file/7992347/ee27112lect0AboutTheClass/,ee271.12.lect0.AboutTheClass,76,notes,Slides,Notes,1.00001E+14,xguo1234,3903,0.019472201,3/5/24 10:00,
685151,1562237,Introduction to VLSI Systems,271,EE,10339,352354,OFER,0,OFER,352354,17,,https://www.coursehero.com/sitemap/schools/17-Stanford-University/courses/685151-EE271/,17,Stanford University,0,,1,2012,1562237,7498302,,2/7/13 21:55,16,86892a8723181a03ff0a383736dc8f7dbfc08b64,FALSE,FALSE,https://www.coursehero.com/file/7498302/HW4-solutions/,HW4_solutions,75,notes,Other,Notes,1.00001E+14,doublestick,4044,0.018545994,3/5/24 10:00,
685151,4328431,Introduction to VLSI Systems,271,EE,10339,1245,,0,,1245,17,,https://www.coursehero.com/sitemap/schools/17-Stanford-University/courses/685151-EE271/,17,Stanford University,1,Fall,0,2013,4328431,10267361,EE271 Horowitz - Fall 2013EE271 Problem Set 1 Solution1. Parallel Computation Scaling (5+5)(a) For Frequency:You are given that the frequency increases proportional to one over the feature size.Using basic ratios:Fnew / Fold = Pold / PnewFnew=Fold ,11/10/14 22:47,11,b796b2dee05129a226597ccd64cdadae5a8211c8,TRUE,FALSE,https://www.coursehero.com/file/10267361/HW1-sol2014/,HW1_sol+2014,63,homework,Assignment,Homework Help,1.00001E+14,NicholasS25,3403,0.018513077,3/5/24 10:00,
685151,4470661,Introduction to VLSI Systems,271,EE,10339,960975,Igormarkov,0,Igormarkov,960975,17,,https://www.coursehero.com/sitemap/schools/17-Stanford-University/courses/685151-EE271/,17,Stanford University,1,Fall,0,2015,4470661,14964855,,4/15/15 15:00,35,75ce96895e8fb9a494df1d97f5c2fe929d14df6b,FALSE,FALSE,https://www.coursehero.com/file/14964855/ee271-Proj-Desc/,ee271_Proj_Desc,54,homework,Assignment,Homework Help,1.00001E+14,EarlResolveSeaLion1430,3247,0.016630736,3/5/24 10:00,
685151,4328431,Introduction to VLSI Systems,271,EE,10339,1245,,0,,1245,17,,https://www.coursehero.com/sitemap/schools/17-Stanford-University/courses/685151-EE271/,17,Stanford University,1,Fall,0,2013,4328431,18766823,"Autumn 08/09Prof. Subhasish MitraPage 1 of 3EE271 Homework 0due Sep 29, 20081. Combinational Logic (10pts)(a) Derive the truth table of the combinational logic circuit below. What functiondoes it perform?XBFAYC(b) Fill in the timing diagram ",1/10/17 3:25,3,8ad5dc3fc25188aecaf68a3c277d8acc18fd4305,FALSE,FALSE,https://www.coursehero.com/file/18766823/hw0/,hw0,38,homework,Assignment,Homework Help,1.00001E+14,parthamurali,2611,0.014553811,3/5/24 10:00,
685151,4328431,Introduction to VLSI Systems,271,EE,10339,1245,,0,,1245,17,,https://www.coursehero.com/sitemap/schools/17-Stanford-University/courses/685151-EE271/,17,Stanford University,1,Fall,0,2013,4328431,10267355,"Notes on the Lecture Notes / BookThe lecture notes are the principle reference material that youwill use in the class But the notes are no where as complete asclass.a book, so I recommend that you also get Weste/Harris.EE271If you are confused on a ",11/10/14 22:47,13,ebd4af43dde11a84d499b2f1243b0828787065cc,FALSE,FALSE,https://www.coursehero.com/file/10267355/ee271lect1Intro4up/,ee271.lect1.Intro.4up,49,notes,Notes,Notes,1.00001E+14,NicholasS25,3403,0.01439906,3/5/24 10:00,
685151,4328431,Introduction to VLSI Systems,271,EE,10339,1245,,0,,1245,17,,https://www.coursehero.com/sitemap/schools/17-Stanford-University/courses/685151-EE271/,17,Stanford University,1,Fall,0,2013,4328431,18766824,"Autumn 08/09Prof. Subhasish MitraPage 1 of 4EE271 Homework 0 Solutions1. Combinational Logic (10pts)(a) F = X XNOR Y. (3pts)Truth Table (2pts) (Table with only X, Y, F receive full credits)X0011Y0101A1000B0100C0010F1001",1/10/17 3:25,4,322ee01a2cd32a59f49fe244c6875d85428eff8d,TRUE,FALSE,https://www.coursehero.com/file/18766824/hw0sol/,hw0sol,37,homework,Assignment,Homework Help,1.00001E+14,parthamurali,2611,0.014170816,3/5/24 10:00,
685151,4328431,Introduction to VLSI Systems,271,EE,10339,1245,,0,,1245,17,,https://www.coursehero.com/sitemap/schools/17-Stanford-University/courses/685151-EE271/,17,Stanford University,1,Fall,0,2013,4328431,10267336,Optimization SuggestionsEE271 Review SessionObjective FOM =Energy per Operation (pJ/Tri) High Throughput (uPoly/s) Low Power: Dynamic + Leakage (mW) Low Total Area (mm2)EE271 Fall 2011 Project Results20481024512256128641248Performance D,11/10/14 22:47,10,45c2341574769b7a9c2e87d9d5561083280c6bbc,FALSE,FALSE,https://www.coursehero.com/file/10267336/Optimization/,Optimization,47,notes,Slides,Notes,1.00001E+14,NicholasS25,3403,0.013811343,3/5/24 10:00,
685151,4371234,Introduction to VLSI Systems,271,EE,10339,960975,Igormarkov,0,Igormarkov,960975,17,,https://www.coursehero.com/sitemap/schools/17-Stanford-University/courses/685151-EE271/,17,Stanford University,1,Fall,0,2014,4371234,10553005,EE271 Review Session 10/17Yaoyu TaoStanford Universitytaoyaoyu@stanford.eduCopyright 2013 by John BrunhaverILM 2014EE271 - Introduction to VLSI technology - Project Lecture1AnnouncementsTodays review session Quick Review on Sequential circuits a,1/13/15 11:46,39,285095cb58331de65568ab4966544eacc50ce177,TRUE,FALSE,https://www.coursehero.com/file/10553005/review-session-10-17-sequential-and-project-Yaoyu/,review_session_10_17_sequential_and_project_Yaoyu,46,notes,Slides,Notes,1156296118,1156296118_ch,3339,0.01377658,3/5/24 10:00,
685151,4328431,Introduction to VLSI Systems,271,EE,10339,1245,,0,,1245,17,,https://www.coursehero.com/sitemap/schools/17-Stanford-University/courses/685151-EE271/,17,Stanford University,1,Fall,0,2013,4328431,10267354,"EE271 Problem Set 5 SolutionEE271 Horowitz Fall 20131. Finite State Machines (FSM)In this problem, you will be asked to design and implement state machines in System Verilog.This problem is actually a pre-practice for your coming big rasterization pro",11/10/14 22:47,7,50d8265591c6cc18dcc76461cbe06f6ccd0cc5fe,TRUE,FALSE,https://www.coursehero.com/file/10267354/HW5-sol/,HW5_sol,46,notes,Assignment,Notes,1.00001E+14,NicholasS25,3403,0.013517485,3/5/24 10:00,
685151,1562237,Introduction to VLSI Systems,271,EE,10339,352354,OFER,0,OFER,352354,17,,https://www.coursehero.com/sitemap/schools/17-Stanford-University/courses/685151-EE271/,17,Stanford University,0,,1,2012,1562237,7498292,"EE 114/214ALecture 27Lecture 27Loop Gain SimulationR. Dutton, Boris MurmannStanford UniversityR. Dutton, B. MurmannEE114/214A1ReferencesH.W. Bode, Network Analysis and Feedback Amplifier Design, Van Nostrand, New York,1945.R .D . M id d le b r",2/7/13 21:54,10,0b5b791c242dd3f81d86f2313c9eb1c96eb0884b,TRUE,FALSE,https://www.coursehero.com/file/7498292/27-loopsim11/,27_loopsim.11,54,notes,Notes,Notes,1.00001E+14,doublestick,4044,0.013353116,3/5/24 10:00,
685151,4371234,Introduction to VLSI Systems,271,EE,10339,960975,Igormarkov,0,Igormarkov,960975,17,,https://www.coursehero.com/sitemap/schools/17-Stanford-University/courses/685151-EE271/,17,Stanford University,1,Fall,0,2014,4371234,10552993,"AgendaThe SOC challenge Validation timeline. Validation Disciplines and Tools Research and OpportunitiesIntroduction to Post-Silicon ValidationNagib Hakim nagib.hakim@intel.comAcknowledgments: Rand Gray, Vivek SaxenaSystem Validation EngineeringI",1/13/15 11:45,5,58d745ca6f7089aa49b0d9ca295cdd5109d15320,FALSE,FALSE,https://www.coursehero.com/file/10552993/ee271lect17PostSiVadlidation-6x/,ee271.lect17.PostSiVadlidation-6x,44,notes,Other,Notes,1156296118,1156296118_ch,3339,0.013177598,3/5/24 10:00,
685151,5087035,Introduction to VLSI Systems,271,EE,10339,1245,,0,,1245,17,,https://www.coursehero.com/sitemap/schools/17-Stanford-University/courses/685151-EE271/,17,Stanford University,3,Spring,0,2016,5087035,13716263,"Lecture 10Design VerificationRichard HoGoogle / Stanfordriho@google.com / rho@cs.stanford.eduCopyright 2016 by Richard Ho, Ofer Shacham andMark HorowitzEE271 - Introduction to VLSI Systems1Outline Today:RHAssertionsVerification CoverageAccel",3/14/16 13:06,59,362c1f7c19a3e570659dc34a37f5485846ff7da3,TRUE,FALSE,https://www.coursehero.com/file/13716263/ee27116lecture10verification/,ee271.16.lecture10.verification,37,notes,Slides,Notes,1.00001E+14,xingyuliu,2913,0.012701682,3/5/24 10:00,
685151,1621487,Introduction to VLSI Systems,271,EE,10339,352354,OFER,0,OFER,352354,17,,https://www.coursehero.com/sitemap/schools/17-Stanford-University/courses/685151-EE271/,17,Stanford University,1,Fall,1,2012,1621487,7992356,"Lecture 7:RTL Coding For SynthesisOfer ShachamStanford Universityshacham@stanford.eduCopyright 2012 by Ofer Shacham &amp; Mark Horowitz,with contributions from Zain AsgarOS 12EE271 - Introduction to VLSI Systems1Overview Reading+ RTL Coding Styles",6/28/13 2:44,57,2dd70a814342f81e20b0446b8d6f2165df8579c9,TRUE,FALSE,https://www.coursehero.com/file/7992356/ee27112lect7rtl-for-synth/,ee271.12.lect7.rtl-for-synth,48,notes,Slides,Notes,1.00001E+14,xguo1234,3903,0.012298232,3/5/24 10:00,
685151,1621487,Introduction to VLSI Systems,271,EE,10339,352354,OFER,0,OFER,352354,17,,https://www.coursehero.com/sitemap/schools/17-Stanford-University/courses/685151-EE271/,17,Stanford University,1,Fall,1,2012,1621487,7992352,"Lecture 4MOS Delay, Power and Logic OptimizationOfer ShachamStanford Universityshacham@alumni.stanford.edu / shacham@stanford.eduCopyright 2012 by Ofer Shacham,Based on slides from Mark Horowitz and Subhasish MitraOS 2012EE271 - Introduction to VL",6/28/13 2:44,62,1e8a547b07d74b3d90a95cae5a9291984a06a65d,TRUE,FALSE,https://www.coursehero.com/file/7992352/ee27112lect4DelayLogicMin/,ee271.12.lect4.DelayLogicMin,48,notes,Slides,Notes,1.00001E+14,xguo1234,3903,0.012298232,3/5/24 10:00,
685151,1562237,Introduction to VLSI Systems,271,EE,10339,352354,OFER,0,OFER,352354,17,,https://www.coursehero.com/sitemap/schools/17-Stanford-University/courses/685151-EE271/,17,Stanford University,0,,1,2012,1562237,7498309,"Lecture 12:Coding For SynthesisOfer ShachamStanford Universityshacham@stanford.eduCopyright 2010 by Ofer Shacham &amp; Mark Horowitz,with contributions from Zain AsgarOSEE271 - Introduction to VLSI technology - Lecture 121OverviewReading+ RTL Codi",2/7/13 21:55,57,592d4b9c8b94c5545dba0a0fab5875f3b8b5cda3,FALSE,FALSE,https://www.coursehero.com/file/7498309/ee271lect12rtl-for-synth/,ee271lect12.rtl-for-synth,49,notes,Slides,Notes,1.00001E+14,doublestick,4044,0.012116716,3/5/24 10:00,
685151,4328431,Introduction to VLSI Systems,271,EE,10339,1245,,0,,1245,17,,https://www.coursehero.com/sitemap/schools/17-Stanford-University/courses/685151-EE271/,17,Stanford University,1,Fall,0,2013,4328431,10267357,"EE271 Horowitz Fall 2013EE271 Problem Set 51. Finite State Machines (FSM)(15 + 15 = 30)In this problem, you will be asked to design and implement FSM in SystemVerilog. This problem isactually a pre-practice for your coming project assignments. Please",11/10/14 22:47,6,950de80df66f52aa513ff48a806ff8673eb092f1,TRUE,FALSE,https://www.coursehero.com/file/10267357/HW5/,HW5,41,homework,Assignment,Homework Help,1.00001E+14,NicholasS25,3403,0.012048193,3/5/24 10:00,
685151,4470661,Introduction to VLSI Systems,271,EE,10339,960975,Igormarkov,0,Igormarkov,960975,17,,https://www.coursehero.com/sitemap/schools/17-Stanford-University/courses/685151-EE271/,17,Stanford University,1,Fall,0,2015,4470661,11204475,"EE271 Markov - Fall 2014EE271 Problem Set 3For all the problems, please use the following values where needed (based on 45nm tech.)- = 0.025 m (half the technology min gate length)- Rsqp = 26 kOhm/square- Rsqn = 13 kOhm/square- Cgate = 1.2 fF per m ",4/15/15 14:59,6,b4a5217429d028980a7f173a863100b18319838b,FALSE,FALSE,https://www.coursehero.com/file/11204475/HW3-Q/,HW3_Q,39,homework,Assignment,Homework Help,1.00001E+14,EarlResolveSeaLion1430,3247,0.012011087,3/5/24 10:00,
685151,4371234,Introduction to VLSI Systems,271,EE,10339,960975,Igormarkov,0,Igormarkov,960975,17,,https://www.coursehero.com/sitemap/schools/17-Stanford-University/courses/685151-EE271/,17,Stanford University,1,Fall,0,2014,4371234,10553004,EE271 Extra Material 20122014EE271 Extra Material on Gate SizingDecoder designIn this problem we will size the decoder for a small memory. Memories are organized as atwo-dimensional array of memory cells. The decoder selects one row from the memory b,1/13/15 11:46,3,52dba1bd148f8ed5172df4eba16b8b4eaa710d78,TRUE,FALSE,https://www.coursehero.com/file/10553004/Extra-Material/,Extra_Material,39,notes,Notes,Notes,1156296118,1156296118_ch,3339,0.011680144,3/5/24 10:00,
685151,4328431,Introduction to VLSI Systems,271,EE,10339,1245,,0,,1245,17,,https://www.coursehero.com/sitemap/schools/17-Stanford-University/courses/685151-EE271/,17,Stanford University,1,Fall,0,2013,4328431,10267363,"Autumn 13/14HorowitzHandout #1ee271EE271Introduction to VLSI SystemsInformation SheetInstructor:Office:Office Hours:Telephone:Email:Mark HorowitzGates 306T-Th 9:00-10:00 am, and after class650-725-3707horowitz@ee.stanford.eduClass Time:L",11/10/14 22:47,2,784ebaa6e3dc7770f8d6686c221648c6cf3d9cd8,FALSE,FALSE,https://www.coursehero.com/file/10267363/271info13/,271.info.13,39,notes,Syllabus,Notes,1.00001E+14,NicholasS25,3403,0.011460476,3/5/24 10:00,
685151,4328431,Introduction to VLSI Systems,271,EE,10339,1245,,0,,1245,17,,https://www.coursehero.com/sitemap/schools/17-Stanford-University/courses/685151-EE271/,17,Stanford University,1,Fall,0,2013,4328431,10267358,"EE271 Horowitz - Fall 2013EE271	 Problem	 Set	 1	 Solution	 1. Parallel Computation Scaling (5+5)(a) For Frequency:You are given that the frequency increases proportional to one over the feature size.Using basic ratios:Fnew / Fold = Pold / PnewFnew",11/10/14 22:47,11,b981cd762fa07a1932fcf1c6b88968aed65e17fd,TRUE,FALSE,https://www.coursehero.com/file/10267358/HW1-sol2013-update/,HW1_sol+2013_update,39,notes,Notes,Notes,1.00001E+14,NicholasS25,3403,0.011460476,3/5/24 10:00,
685151,4328431,Introduction to VLSI Systems,271,EE,10339,1245,,0,,1245,17,,https://www.coursehero.com/sitemap/schools/17-Stanford-University/courses/685151-EE271/,17,Stanford University,1,Fall,0,2013,4328431,10267345,OverviewReading+ RTL Coding Styles That Yield Simulation and Synthesis Mismatches:https:/www.synopsys.com/news/pubs/eurosnug/eurosnug2001/mills_rtl_coding_sfinal.pdf+ Predicting Routability at the Register Transfer Level:http:/www.synopsys.com/news/,11/10/14 22:47,15,16ed0addea81cde47312f09e6c51bc1d71b81d00,FALSE,FALSE,https://www.coursehero.com/file/10267345/ee271lect09rtl-for-synthp4/,ee271.lect09.rtl-for-synthp.4,39,notes,Notes,Notes,1.00001E+14,NicholasS25,3403,0.011460476,3/5/24 10:00,
685151,1621487,Introduction to VLSI Systems,271,EE,10339,352354,OFER,0,OFER,352354,17,,https://www.coursehero.com/sitemap/schools/17-Stanford-University/courses/685151-EE271/,17,Stanford University,1,Fall,1,2012,1621487,7992359,Lecture 10Creating Chip Generators for EfficientComputing and Reduced NRE Design CostsOfer ShachamStanford Universityshacham@alumni.stanford.edu / shacham@stanford.eduCopyright 2012 by Ofer ShachamOS 2012EE271 -Introduction to VLSI Systems1Overv,6/28/13 2:44,38,db6562936ec331cbefb3dedaa92c2e3c4161ad3d,TRUE,FALSE,https://www.coursehero.com/file/7992359/ee27112lect10generatorsAndGenesis/,ee271.12.lect10.generatorsAndGenesis,44,notes,Slides,Notes,1.00001E+14,xguo1234,3903,0.011273379,3/5/24 10:00,
685151,1621487,Introduction to VLSI Systems,271,EE,10339,352354,OFER,0,OFER,352354,17,,https://www.coursehero.com/sitemap/schools/17-Stanford-University/courses/685151-EE271/,17,Stanford University,1,Fall,1,2012,1621487,7992355,"Lecture 7:RTL Coding For SynthesisOfer ShachamStanford Universityshacham@stanford.eduCopyright 2012 by Ofer Shacham &amp; Mark Horowitz,with contributions from Zain AsgarOS 12EE271 - Introduction to VLSI Systems1Overview Reading+ RTL Coding Styles",6/28/13 2:44,57,e8899cbc09cc40d54834e716e45790958584ceef,TRUE,FALSE,https://www.coursehero.com/file/7992355/ee27112lect07rtl-for-synth/,ee271.12.lect07.rtl-for-synth,44,notes,Slides,Notes,1.00001E+14,xguo1234,3903,0.011273379,3/5/24 10:00,
685151,1562237,Introduction to VLSI Systems,271,EE,10339,352354,OFER,0,OFER,352354,17,,https://www.coursehero.com/sitemap/schools/17-Stanford-University/courses/685151-EE271/,17,Stanford University,0,,1,2012,1562237,7498319,"Problem Statement:Microprocessor Variability:Trends, Sources, Impact, &amp; Solutions Variability is one of the primary challenges in thesemiconductor industryKeith A. BowmanCircuit Research Lab, Intel Adversely impacts performance, power, yield,relia",2/7/13 21:56,16,5faae6026d0579de228b2b982e41af981923af94,FALSE,FALSE,https://www.coursehero.com/file/7498319/Lect13-Variability-Bowman-Short/,Lect13-Variability-Bowman-Short,45,notes,Notes,Notes,1.00001E+14,doublestick,4044,0.011127596,3/5/24 10:00,
685151,4371234,Introduction to VLSI Systems,271,EE,10339,960975,Igormarkov,0,Igormarkov,960975,17,,https://www.coursehero.com/sitemap/schools/17-Stanford-University/courses/685151-EE271/,17,Stanford University,1,Fall,0,2014,4371234,10553009,EE271 Discussion Session11/21/2014Copyright 2014 Stanford University1Outlines Project Assignment 2 and 3 Adding repeatersCopyright 2014 Stanford University2Objectives High Throughput (uPoly/s) Low Power: Dynamic + Leakage (mW) Low Total Area (,1/13/15 11:46,18,00f3e2877a87c9cd71e728e7f1550ade90932cf4,FALSE,FALSE,https://www.coursehero.com/file/10553009/review-session-11-21-project-23-Yaoyu/,review_session_11_21_project_2&amp;3_Yaoyu,37,notes,Slides,Notes,1156296118,1156296118_ch,3339,0.011081162,3/5/24 10:00,
685151,1562237,Introduction to VLSI Systems,271,EE,10339,352354,OFER,0,OFER,352354,17,,https://www.coursehero.com/sitemap/schools/17-Stanford-University/courses/685151-EE271/,17,Stanford University,0,,1,2012,1562237,7498312,"Lecture 3MOS Delay and Powerand Some Comments on Logic OptimizationSubhasish MitraStanford Universitysubh@stanford.eduCopyright 2011 by Subhasish Mitra, with significant contributions from Mark HorowitzSM1OverviewReadingW&amp;H 2.5, 2.6 Circuits an",2/7/13 21:55,76,7142e12f01c9785f5e85d8d701972a5f232941d4,TRUE,FALSE,https://www.coursehero.com/file/7498312/Lect03-DelampPow/,Lect03-Del&amp;amp;Pow,43,notes,Slides,Notes,1.00001E+14,doublestick,4044,0.010633037,3/5/24 10:00,
685151,4328431,Introduction to VLSI Systems,271,EE,10339,1245,,0,,1245,17,,https://www.coursehero.com/sitemap/schools/17-Stanford-University/courses/685151-EE271/,17,Stanford University,1,Fall,0,2013,4328431,10267344,"Recommended ReadingOS 2013EE271 - Introduction to VLSI SystemsS. Vijayaraghavan and M. Ramanathan, A Practical Guide for SystemVerilog Assertions. New York, NY, USA: Springer Science+BusinessMedia, Inc., 2005.1Specman Elit - T tbSElite Testbench ",11/10/14 22:47,22,d3c1d58ed0d7bbe03844d37872d101a1070bdd1e,FALSE,FALSE,https://www.coursehero.com/file/10267344/ee27113lect10verification4up/,ee271+13+lect10+verification.4up,34,notes,Notes,Notes,1.00001E+14,NicholasS25,3403,0.009991184,3/5/24 10:00,
685151,1562237,Introduction to VLSI Systems,271,EE,10339,352354,OFER,0,OFER,352354,17,,https://www.coursehero.com/sitemap/schools/17-Stanford-University/courses/685151-EE271/,17,Stanford University,0,,1,2012,1562237,7498311,"Lecture 2MOS Transistors, GatesSubhasish MitraComputer Systems LaboratoryStanford Universitysubh@stanford.eduCopyright 2011 by Subhasish Mitra, with significant contributions from Mark Horowitzand material from Don Stark and Bill DallySMEE271 Lec",2/7/13 21:55,41,9ef3487af219d5709a150a83a7617cab5395ae7e,FALSE,FALSE,https://www.coursehero.com/file/7498311/Lect02-Tran/,Lect02-Tran,40,notes,Slides,Notes,1.00001E+14,doublestick,4044,0.009891197,3/5/24 10:00,
685151,4371234,Introduction to VLSI Systems,271,EE,10339,960975,Igormarkov,0,Igormarkov,960975,17,,https://www.coursehero.com/sitemap/schools/17-Stanford-University/courses/685151-EE271/,17,Stanford University,1,Fall,0,2014,4371234,10553007,EE271 FALL 2014 Project ReportName1:SUID1:Name2:SUID2:Project ResultsTotal Dynamic Power (mW):_152.6_Total Leakage Power (mW):_57.6_Total Power (mW):_210_Total Area (mm2):_0.063_Total Performance (triangles/second):_0.845 uPoly/ns _Number ,1/13/15 11:46,11,fcb8f507e2a569498e2046f9afc70c184c8933b2,TRUE,FALSE,https://www.coursehero.com/file/10553007/review-session-11-21-271-report-template/,review_session_11_21_271_report_template,33,notes,Notes,Notes,1156296118,1156296118_ch,3339,0.009883199,3/5/24 10:00,
685151,4371234,Introduction to VLSI Systems,271,EE,10339,960975,Igormarkov,0,Igormarkov,960975,17,,https://www.coursehero.com/sitemap/schools/17-Stanford-University/courses/685151-EE271/,17,Stanford University,1,Fall,0,2014,4371234,10552979,"Recommended Reading SystemVerilog Language Reference Manual (LRM)OS 2014EE271 - Introduction to VLSI SystemsSpecman Elite - Testbench Automation, Cadence,www.verisity.com/products/specman.htmlS. Vijayaraghavan and M. Ramanathan, A Practical Guide fo",1/13/15 11:45,15,61dd5e60b721f6ad03b6f32612335264c11c6483,FALSE,FALSE,https://www.coursehero.com/file/10552979/ee271lect11verification-6x/,ee271.lect11.verification-6x,33,notes,Notes,Notes,1156296118,1156296118_ch,3339,0.009883199,3/5/24 10:00,
685151,1621487,Introduction to VLSI Systems,271,EE,10339,352354,OFER,0,OFER,352354,17,,https://www.coursehero.com/sitemap/schools/17-Stanford-University/courses/685151-EE271/,17,Stanford University,1,Fall,1,2012,1621487,7992362,Lecture 1313The Future of Scaling and Silicon:Future of Scaling and Silicon:The Current and Looming Power ProblemMark HorowitzStanford UniversityUniversityhorowitz@stanford.eduMAHEE271 Lecture 131Remember Our Story:A Long Time AgoLong Time A,6/28/13 2:44,72,7cd244440d28f140e5cf6f1f8fee6d7648397b6d,TRUE,FALSE,https://www.coursehero.com/file/7992362/ee27112lect13Scaling/,ee271.12.lect13.Scaling,38,notes,Slides,Notes,1.00001E+14,xguo1234,3903,0.0097361,3/5/24 10:00,
685151,1562237,Introduction to VLSI Systems,271,EE,10339,352354,OFER,0,OFER,352354,17,,https://www.coursehero.com/sitemap/schools/17-Stanford-University/courses/685151-EE271/,17,Stanford University,0,,1,2012,1562237,7498305,"EE114 Autumn 11/12R. DuttonPage 1 of 7DESIGN PROJECTFirst check point (netlist) due on Friday, November 18, 2011, Midnight PTFinal report and netlist due on Monday, November 28, 2011, 5pm PT1. Overview and SpecificationsThe first task at your new j",2/7/13 21:55,7,cf165e51aefaa1aae80563b0b41902b0f6ede6af,TRUE,FALSE,https://www.coursehero.com/file/7498305/Project-handout-EE114-214A/,Project_handout_EE114_214A,39,notes,Notes,Notes,1.00001E+14,doublestick,4044,0.009643917,3/5/24 10:00,
685151,4371234,Introduction to VLSI Systems,271,EE,10339,960975,Igormarkov,0,Igormarkov,960975,17,,https://www.coursehero.com/sitemap/schools/17-Stanford-University/courses/685151-EE271/,17,Stanford University,1,Fall,0,2014,4371234,10552977,"3David J. Frank, Leland ChangTechnology Optimization for HighEnergy-Efficiency ComputationIBM T. J. Watson ResearchNameBusiness Unit or Product CenterL/NGATEtox/NDennard et al., JSSC 74Based on IEDM 2012 Short Course Everything improves togethe",1/13/15 11:45,16,bb6a5d5f61aed483d12387082e41b1b0415b0dbf,FALSE,FALSE,https://www.coursehero.com/file/10552977/ee271lect09TechnologyOptimiz-4x/,ee271.lect09.TechnologyOptimiz-4x,32,notes,Notes,Notes,1156296118,1156296118_ch,3339,0.009583708,3/5/24 10:00,
685151,4371234,Introduction to VLSI Systems,271,EE,10339,960975,Igormarkov,0,Igormarkov,960975,17,,https://www.coursehero.com/sitemap/schools/17-Stanford-University/courses/685151-EE271/,17,Stanford University,1,Fall,0,2014,4371234,10552965,"Notes on the Lecture Notes / BookThe lecture notes are the principle reference material that youwill use in the class. But the notes are nowhere as complete asa book, so I recommend that you also get Weste/Harris.EE271If you are confused on a specifi",1/13/15 11:45,9,4ed21b010e4146baca9010e078808157cedb7fc4,FALSE,FALSE,https://www.coursehero.com/file/10552965/ee271lect01Intro-6x/,ee271.lect01.Intro-6x,32,notes,Notes,Notes,1156296118,1156296118_ch,3339,0.009583708,3/5/24 10:00,
685151,1562237,Introduction to VLSI Systems,271,EE,10339,352354,OFER,0,OFER,352354,17,,https://www.coursehero.com/sitemap/schools/17-Stanford-University/courses/685151-EE271/,17,Stanford University,0,,1,2012,1562237,7498303,"HW 5 Solutions(c)For slow MOSFET parameters,For fast MOSFET parameters,",2/7/13 21:55,5,92c95202a074fa7126a329feb586a928830adb26,FALSE,FALSE,https://www.coursehero.com/file/7498303/HW5-solutions/,HW5_solutions,38,notes,Assignment,Notes,1.00001E+14,doublestick,4044,0.009396637,3/5/24 10:00,
685151,1562237,Introduction to VLSI Systems,271,EE,10339,352354,OFER,0,OFER,352354,17,,https://www.coursehero.com/sitemap/schools/17-Stanford-University/courses/685151-EE271/,17,Stanford University,0,,1,2012,1562237,7498294,"EE114 Autumn 11/12R. Dutton, B. MurmannPage 1 of 4HOMEWORK #4(Due: Wednesday, October 26, 2011, noon PT)1. Consider the cascoded amplifier with replica bias (M0 and M1 are identical), NMOSload and the transistor M0 is ac grounded (via CBIG). M1 and ",2/7/13 21:55,4,1a0cabf049bdb0935d02d757a9a0a31cd629f1c7,FALSE,FALSE,https://www.coursehero.com/file/7498294/EE114HW4/,EE114.HW4,38,notes,Assignment,Notes,1.00001E+14,doublestick,4044,0.009396637,3/5/24 10:00,
685151,1621487,Introduction to VLSI Systems,271,EE,10339,352354,OFER,0,OFER,352354,17,,https://www.coursehero.com/sitemap/schools/17-Stanford-University/courses/685151-EE271/,17,Stanford University,1,Fall,1,2012,1621487,7992360,"Lecture 12Testing and Design for TestabilitySubhasish MitraStanford Universitysubh@stanford.eduCopyright 2011 by Subhasish MitraSMEE2711Overview IntroductionThe fabrication process is one of the most precisemanufacturing methods we know of, bu",6/28/13 2:44,41,eb78c2b5a52635c7cd336c17884116ed45e61c63,TRUE,FALSE,https://www.coursehero.com/file/7992360/ee27112lect11test/,ee271.12.lect11.test,36,notes,Slides,Notes,1.00001E+14,xguo1234,3903,0.009223674,3/5/24 10:00,
685151,4328431,Introduction to VLSI Systems,271,EE,10339,1245,,0,,1245,17,,https://www.coursehero.com/sitemap/schools/17-Stanford-University/courses/685151-EE271/,17,Stanford University,1,Fall,0,2013,4328431,16217195,"Lecture 10:RTL Coding For SynthesisIgor Markovimarkov@stanford.eduCopyright 2013 by Ofer Shacham &amp; Mark Horowitz,with contributions from Zain AsgarILM 2014EE271 - Introduction to VLSI Systems1OverviewReading+ RTL Coding Styles That Yield Simula",9/20/16 15:45,57,5a0e17ff9363183569a61b4fa5828e2a475dcce1,TRUE,FALSE,https://www.coursehero.com/file/16217195/ee271lect10rtl-for-synth-1/,ee271.lect10.rtl-for-synth-1,25,,Slides,,1.00001E+14,yuexiangyu,2723,0.00918105,3/5/24 10:00,
685151,4371234,Introduction to VLSI Systems,271,EE,10339,960975,Igormarkov,0,Igormarkov,960975,17,,https://www.coursehero.com/sitemap/schools/17-Stanford-University/courses/685151-EE271/,17,Stanford University,1,Fall,0,2014,4371234,10552980,"Recommended Reading SystemVerilog Language Reference Manual (LRM)OS 2014EE271 - Introduction to VLSI SystemsSpecman Elite - Testbench Automation, Cadence,www.verisity.com/products/specman.htmlS. Vijayaraghavan and M. Ramanathan, A Practical Guide fo",1/13/15 11:45,23,f57870eaee1e28486212e1ee061029ac6f02328c,FALSE,FALSE,https://www.coursehero.com/file/10552980/ee271lect11verification-4x/,ee271.lect11.verification-4x,30,notes,Notes,Notes,1156296118,1156296118_ch,3339,0.008984726,3/5/24 10:00,
685151,1562237,Introduction to VLSI Systems,271,EE,10339,352354,OFER,0,OFER,352354,17,,https://www.coursehero.com/sitemap/schools/17-Stanford-University/courses/685151-EE271/,17,Stanford University,0,,1,2012,1562237,7498317,"Lecture 11RTL VerificationOfer ShachamStanford Universityshacham@stanford.eduCopyright 2010 by Ofer Shacham, Mark Horowitz, Subhasish MitraOSEE271 - Introduction to VLSI technology - Lecture 111Recommended Reading SystemVerilog Language Referenc",2/7/13 21:56,84,8dce6ea043ed0a9764aa7f26c9b3b3f312866a25,FALSE,FALSE,https://www.coursehero.com/file/7498317/Lect09-verif/,Lect09-verif,36,notes,Slides,Notes,1.00001E+14,doublestick,4044,0.008902077,3/5/24 10:00,
685151,4328431,Introduction to VLSI Systems,271,EE,10339,1245,,0,,1245,17,,https://www.coursehero.com/sitemap/schools/17-Stanford-University/courses/685151-EE271/,17,Stanford University,1,Fall,0,2013,4328431,10267356,"EE271 Horowitz Fall 2013EE271	Problem	Set	2	Solution	1. Short Answersa) We run DRC on layout to ensure that all of the design rules of the processing technology are met. Designrules ensure that the picture we drew can be printed. If, for example, we d",11/10/14 22:47,7,c645c76c787b44f3baa10f1024319e2a20aaa81f,TRUE,FALSE,https://www.coursehero.com/file/10267356/HW2-sol/,HW2_sol,29,notes,Assignment,Notes,1.00001E+14,NicholasS25,3403,0.008521892,3/5/24 10:00,
685151,1562237,Introduction to VLSI Systems,271,EE,10339,352354,OFER,0,OFER,352354,17,,https://www.coursehero.com/sitemap/schools/17-Stanford-University/courses/685151-EE271/,17,Stanford University,0,,1,2012,1562237,7498293,"EE 114/214ALecture 29Lecture 29Technology ScalingBeyond EE114 MOSFETsR. Dutton, B. MurmannStanford UniversityR. Dutton, B. MurmannEE114/214A1MOS Level 1 Figures-of-Merit (FoM)Long Channel ModelIDS =KP W2"""" (VGS # Vt ) "" (1 + $VDS )2 Leff",2/7/13 21:55,16,665352d43fb479c6582b73ff1cfe286d8ef4f9e3,FALSE,FALSE,https://www.coursehero.com/file/7498293/29-technowrapup11/,29_techno.wrapup.11,34,notes,Slides,Notes,1.00001E+14,doublestick,4044,0.008407517,3/5/24 10:00,
685151,4371234,Introduction to VLSI Systems,271,EE,10339,960975,Igormarkov,0,Igormarkov,960975,17,,https://www.coursehero.com/sitemap/schools/17-Stanford-University/courses/685151-EE271/,17,Stanford University,1,Fall,0,2014,4371234,10552976,"OverviewLecture 8Sequential CircuitsReading WHIntroductionUntil now we covered combinational circuits, where theoutput is determined by the inputs. In most designs, youalso want to build circuits where there are more than onecalculation going on ",1/13/15 11:45,9,e0300821c7828a5804725a2c0a639ec2f72085a2,FALSE,FALSE,https://www.coursehero.com/file/10552976/ee271lect08SequentialCircuits-6x/,ee271.lect08.SequentialCircuits-6x,28,notes,Notes,Notes,1156296118,1156296118_ch,3339,0.008385744,3/5/24 10:00,
685151,4470661,Introduction to VLSI Systems,271,EE,10339,960975,Igormarkov,0,Igormarkov,960975,17,,https://www.coursehero.com/sitemap/schools/17-Stanford-University/courses/685151-EE271/,17,Stanford University,1,Fall,0,2015,4470661,11204477,"1. A) A successful Design rule check (DRC) ensures that the layout conforms to the rulesdesigned/required for faultless fabrication. However, it does not guarantee if it reallyrepresents the circuit we desire to fabricate. This is where an LVS check is ",4/15/15 14:59,9,e73fd8db070edb5553c8713fb8b4931fba32e52a,FALSE,FALSE,https://www.coursehero.com/file/11204477/HW2/,HW2,27,homework,Assignment,Homework Help,1.00001E+14,EarlResolveSeaLion1430,3247,0.008315368,3/5/24 10:00,
685151,5171648,Introduction to VLSI Systems,271,EE,10339,1245,,0,,1245,17,,https://www.coursehero.com/sitemap/schools/17-Stanford-University/courses/685151-EE271/,17,Stanford University,2,Winter,0,2016,5171648,14064949,"Lecture 12Testing and Design for TestabilitySubhasish MitraStanford Universitysubh@stanford.eduCopyright 2016 by Subhasish MitraSMEE2711Overview IntroductionThe fabrication process is one of the most precisemanufacturing methods we know of, bu",4/11/16 1:39,41,1aaa61ac6758c13d456f91d860ac34851508c8e8,TRUE,FALSE,https://www.coursehero.com/file/14064949/ee27116lecture11test/,ee271.16.lecture11.test,20,notes,Slides,Notes,1.00001E+14,yrdeng,2885,0.006932409,3/5/24 10:00,
685151,1562237,Introduction to VLSI Systems,271,EE,10339,352354,OFER,0,OFER,352354,17,,https://www.coursehero.com/sitemap/schools/17-Stanford-University/courses/685151-EE271/,17,Stanford University,0,,1,2012,1562237,7498291,"EE 114/214ALecture 24Lecture 24OTA Feedback Circuits(Part II)R. Dutton, B. MurmannStanford UniversityR. Dutton, B. MurmannEE114/214A1Poor Mans OTA CircuitVDDVBPITAIL/ 2CfVoVxmVxpvivoCsVBN Two deficiencies Low loop gain Inefficient ",2/7/13 21:54,6,82c7f0590efc06f002b4038696885a514f2c6abe,FALSE,FALSE,https://www.coursehero.com/file/7498291/24-ota211/,24_ota2.11,28,notes,Slides,Notes,1.00001E+14,doublestick,4044,0.006923838,3/5/24 10:00,
685151,1621487,Introduction to VLSI Systems,271,EE,10339,352354,OFER,0,OFER,352354,17,,https://www.coursehero.com/sitemap/schools/17-Stanford-University/courses/685151-EE271/,17,Stanford University,1,Fall,1,2012,1621487,7992348,"Lecture 1The Building Blocks of VLSI DesignOfer ShachamStanford Universityshacham@alumni.stanford.edu / shacham@stanford.eduCopyright 2012 by Ofer Shacham,With significant contributions from Subhasish Mitra and Mark HorowitzOS 2012EE271 - Introduc",6/28/13 2:44,41,b1f12e5e80546ef5f9439e13f9da6257c1e9eb7b,TRUE,FALSE,https://www.coursehero.com/file/7992348/ee27112lect1Intro/,ee271.12.lect1.Intro,27,notes,Slides,Notes,1.00001E+14,xguo1234,3903,0.006917756,3/5/24 10:00,
685151,4371234,Introduction to VLSI Systems,271,EE,10339,960975,Igormarkov,0,Igormarkov,960975,17,,https://www.coursehero.com/sitemap/schools/17-Stanford-University/courses/685151-EE271/,17,Stanford University,1,Fall,0,2014,4371234,10552994,Introduction to Post-Si Validation# IO Interfaces &gt; 20# Voltage Rails ~30# Clock Domains (~150)# IP providers &gt; 10eDPVGA/CRTMIPI-CSIDPMIPI-DSI10mm x 10mmHDMISATAIntroduction to Post-Si ValidationDifficult bring up.Cross-die interactionsImp,1/13/15 11:45,8,37ca860ef406f28c8b1344e607a7d4995832c82c,FALSE,FALSE,https://www.coursehero.com/file/10552994/ee271lect17PostSiVadlidation-4x/,ee271.lect17.PostSiVadlidation-4x,23,notes,Other,Notes,1156296118,1156296118_ch,3339,0.00688829,3/5/24 10:00,
685151,4371234,Introduction to VLSI Systems,271,EE,10339,960975,Igormarkov,0,Igormarkov,960975,17,,https://www.coursehero.com/sitemap/schools/17-Stanford-University/courses/685151-EE271/,17,Stanford University,1,Fall,0,2014,4371234,10552978,"Overview ""Rethinking Digital Design: Why Design Must Change,"" Micro, Nov.-Dec. 2010 Nikhil, R.; , ""Bluespec System Verilog: efficient, correct RTL from high levelspecifications,"" Formal Methods and Models for Co-Design, 2004. Bachrach, J.; Huy Vo; Ric",1/13/15 11:45,6,d0b2ec8540ae461433af54accc0b7bc44ae8371c,TRUE,FALSE,https://www.coursehero.com/file/10552978/ee271lect12generatorsAndGenesis-6x/,ee271.lect12.generatorsAndGenesis-6x,23,notes,Notes,Notes,1156296118,1156296118_ch,3339,0.00688829,3/5/24 10:00,
685151,1621487,Introduction to VLSI Systems,271,EE,10339,352354,OFER,0,OFER,352354,17,,https://www.coursehero.com/sitemap/schools/17-Stanford-University/courses/685151-EE271/,17,Stanford University,1,Fall,1,2012,1621487,7992354,"Lecture 6Sequential CircuitsOfer ShachamStanford Universityshacham@alumni.stanford.edu / shacham@stanford.eduCopyright 2012 by Ofer Shacham,Based on slides from Mark Horowitz and Subhasish MitraOS 2012EE271 - Introduction to VLSI Systems1Overvie",6/28/13 2:44,44,8a1f361bfeead33c93e63b64064899e7cbbe8bbe,FALSE,FALSE,https://www.coursehero.com/file/7992354/ee27112lect6SequentialCircuits/,ee271.12.lect6.SequentialCircuits,26,notes,Slides,Notes,1.00001E+14,xguo1234,3903,0.006661542,3/5/24 10:00,
685151,5087035,Introduction to VLSI Systems,271,EE,10339,1245,,0,,1245,17,,https://www.coursehero.com/sitemap/schools/17-Stanford-University/courses/685151-EE271/,17,Stanford University,3,Spring,0,2016,5087035,13716270,"Lecture 13The Future of Silicon Scaling:The Current and Looming Power ProblemMark HorowitzStanford Universityhorowitz@ee.stanford.eduCopyright 2016 by Mark Horowitz,MAHEE271 Lecture 151Everything Has A Computer InsideMAHEE271 Lecture 152Reme",3/14/16 13:09,53,34992dd06c7d777849f7fa3de2fa86f0cfe544f7,FALSE,FALSE,https://www.coursehero.com/file/13716270/ee27116lecture13ScalingAndPower/,ee271.16.lecture13.ScalingAndPower,19,notes,Slides,Notes,1.00001E+14,xingyuliu,2913,0.006522485,3/5/24 10:00,
685151,5087035,Introduction to VLSI Systems,271,EE,10339,1245,,0,,1245,17,,https://www.coursehero.com/sitemap/schools/17-Stanford-University/courses/685151-EE271/,17,Stanford University,3,Spring,0,2016,5087035,13716267,"Lecture 9Design VerificationRichard HoGoogle / Stanfordriho@google.com / rho@cs.stanford.eduCopyright 2016 by Richard Ho, Ofer Shacham andMark HorowitzEE271 - Introduction to VLSI Systems1Outline Today:Why Verification is Needed?How Verificati",3/14/16 13:08,47,f66326494fe78e0c9c9963d14a5b7ee8467711f3,TRUE,FALSE,https://www.coursehero.com/file/13716267/ee27116lecture9verification/,ee271.16.lecture9.verification,19,notes,Slides,Notes,1.00001E+14,xingyuliu,2913,0.006522485,3/5/24 10:00,
685151,4371234,Introduction to VLSI Systems,271,EE,10339,960975,Igormarkov,0,Igormarkov,960975,17,,https://www.coursehero.com/sitemap/schools/17-Stanford-University/courses/685151-EE271/,17,Stanford University,1,Fall,0,2014,4371234,10552982,Lecture 13Performance TricksIgor MarkovStanford Universityimarkov@stanford.eduCopyright 2013 by Mark Horowitzwith some slides from Ofer ShachamILM1Overview Reading+ W H 11.2+ W H 11.9AdditionMultiplication IntroductionWe now have all the t,1/13/15 11:45,57,d39f3372ef4321b81fa541504af10569c7479cca,TRUE,FALSE,https://www.coursehero.com/file/10552982/ee271lect13PerformanceTricks-1x/,ee271.lect13.PerformanceTricks-1x,21,notes,Slides,Notes,1156296118,1156296118_ch,3339,0.006289308,3/5/24 10:00,
685151,1562237,Introduction to VLSI Systems,271,EE,10339,352354,OFER,0,OFER,352354,17,,https://www.coursehero.com/sitemap/schools/17-Stanford-University/courses/685151-EE271/,17,Stanford University,0,,1,2012,1562237,7498314,"Lecture 6MOS Delay Optimization andLogical EffortSubhasish MitraStanford Universitysubh@stanford.eduCopyright 2011 by Subhasish Mitra, with significant contributions from Mark HorowitzSMEE271 Lecture1Overview IntroductionThe goal of this lectu",2/7/13 21:55,39,d335233de1fa42740acb513d9be0636633e4f19f,TRUE,FALSE,https://www.coursehero.com/file/7498314/Lect06-LE/,Lect06-LE,25,notes,Slides,Notes,1.00001E+14,doublestick,4044,0.006181998,3/5/24 10:00,
685151,1562237,Introduction to VLSI Systems,271,EE,10339,352354,OFER,0,OFER,352354,17,,https://www.coursehero.com/sitemap/schools/17-Stanford-University/courses/685151-EE271/,17,Stanford University,0,,1,2012,1562237,7498301,"eQ5. Problem 3.11 from Text:Equation 3.56 i.e. the one with Miller approximation assumes that the dominant pole in the system is contributed by thecapacitance at the input terminal, which will include the Miller modified Cgd and Cgs at that node. In ex",2/7/13 21:55,17,2375f3b9121a4f283fc3b9d868ebb5df5744cd03,FALSE,FALSE,https://www.coursehero.com/file/7498301/HW3-11-solution/,HW3_11_solution,25,notes,Assignment,Notes,1.00001E+14,doublestick,4044,0.006181998,3/5/24 10:00,
685151,1562237,Introduction to VLSI Systems,271,EE,10339,352354,OFER,0,OFER,352354,17,,https://www.coursehero.com/sitemap/schools/17-Stanford-University/courses/685151-EE271/,17,Stanford University,0,,1,2012,1562237,7498300,"EE114/214A Autumn 11/12R. DuttonPage 1 of 5HOMEWORK #3(Due: Wednesday, October 19, 2011, noon PT)1. As weve seen in Lecture 5:1) Current source (load) biasing of a CS stage is not stable (i.e. the V ds is notwell controlled)2) The ro of transistor",2/7/13 21:55,5,6ab09fe90b72feff2a73d6eb67f48852dedd24b2,FALSE,FALSE,https://www.coursehero.com/file/7498300/HW311/,HW3.11,25,notes,Assignment,Notes,1.00001E+14,doublestick,4044,0.006181998,3/5/24 10:00,
685151,1562237,Introduction to VLSI Systems,271,EE,10339,352354,OFER,0,OFER,352354,17,,https://www.coursehero.com/sitemap/schools/17-Stanford-University/courses/685151-EE271/,17,Stanford University,0,,1,2012,1562237,7498295,"EE114 Autumn 11/12R. Dutton, B. MurmannPage 1 of 3HOMEWORK #5(Due: Wednesday, November 2, 2011, noon PT)1. Consider the bias current generator circuit below. The parameters are as follows:RL1=2.5k, W/L=10, KP=50uA/V2, VTO=0.5, LAMBDA=0 and GAMMA=0.",2/7/13 21:55,3,d9933f4ea4ecddc4d13a027e8670758261442d68,FALSE,FALSE,https://www.coursehero.com/file/7498295/EE114HW5/,EE114.HW5,25,notes,Assignment,Notes,1.00001E+14,doublestick,4044,0.006181998,3/5/24 10:00,
685151,5087035,Introduction to VLSI Systems,271,EE,10339,1245,,0,,1245,17,,https://www.coursehero.com/sitemap/schools/17-Stanford-University/courses/685151-EE271/,17,Stanford University,3,Spring,0,2016,5087035,13716268,"Variation-Tolerant, Resilient Designin Advanced Process TechnologiesJim TschanzCircuit Research Lab, Intel Corp.Acknowledgements:Minki Cho, Stephen Kim, Muhammad Khellah, Jaydeep Kulkarni, Carlos Tokunaga,Sriram Vangal, Vivek DeOutline Process tec",3/14/16 13:08,48,ba366172fc6001845aa4ece55bb28d5a55ddd918,FALSE,FALSE,https://www.coursehero.com/file/13716268/ee27116lecture12Variability-and-Reliability/,ee271.16.lecture12.Variability and Reliability,18,notes,Slides,Notes,1.00001E+14,xingyuliu,2913,0.006179197,3/5/24 10:00,
685151,4328431,Introduction to VLSI Systems,271,EE,10339,1245,,0,,1245,17,,https://www.coursehero.com/sitemap/schools/17-Stanford-University/courses/685151-EE271/,17,Stanford University,1,Fall,0,2013,4328431,10267364,"Energy Efficiency MetricsLecture 16L tTo ti iT optimize something need a good metricthiddti Power? P = CVVF, so lower freq is lower powerEnergy Rules of Thumb:How Low Can You Go Energy? E = CVV, so lower V is lower energy (but it is slower t",11/10/14 22:47,6,00ce7b4506b10ba548a00407ed920b6ff8e7829e,FALSE,FALSE,https://www.coursehero.com/file/10267364/ee271lect16RulesOfThumb4up/,ee271.lect16.RulesOfThumb.4up,21,notes,Notes,Notes,1.00001E+14,NicholasS25,3403,0.006171026,3/5/24 10:00,
685151,4328431,Introduction to VLSI Systems,271,EE,10339,1245,,0,,1245,17,,https://www.coursehero.com/sitemap/schools/17-Stanford-University/courses/685151-EE271/,17,Stanford University,1,Fall,0,2013,4328431,10267338,"EE271 Environment Setup and CustomDesigner Tutorial:Environment Setup:VLSI is very tool intensive. To get started, first you must set your linux environment and sourceall the tools and license paths.Tunneling to Stanford serversLogin to Stanford Lin",11/10/14 22:47,10,31bf2d8368f11d50a12cfcdc04fcd75693bcb79e,FALSE,FALSE,https://www.coursehero.com/file/10267338/EnvSetupandCustomDesigner-Tutorial/,EnvSetupandCustomDesigner--Tutorial,21,notes,Notes,Notes,1.00001E+14,NicholasS25,3403,0.006171026,3/5/24 10:00,
685151,1621487,Introduction to VLSI Systems,271,EE,10339,352354,OFER,0,OFER,352354,17,,https://www.coursehero.com/sitemap/schools/17-Stanford-University/courses/685151-EE271/,17,Stanford University,1,Fall,1,2012,1621487,7992363,"Lecture 13Communicating Across Clock DomainsOfer ShachamStanford Universityshacham@alumni.stanford.eduCopyright 2012 by Ofer ShachamSlide deck from Mark Horowitz, with contributions from Ron Ho and Jo EbergenOS 2012EE271 - Introduction to VLSI Sys",6/28/13 2:44,57,0a0d9aa41da45492b02bbad3ba9adf6f84c7a289,FALSE,FALSE,https://www.coursehero.com/file/7992363/ee27112lect14AsyncCircuitsAndFinalNotes/,ee271.12.lect14.AsyncCircuitsAndFinalNotes,24,notes,Slides,Notes,1.00001E+14,xguo1234,3903,0.006149116,3/5/24 10:00,
685151,4371234,Introduction to VLSI Systems,271,EE,10339,960975,Igormarkov,0,Igormarkov,960975,17,,https://www.coursehero.com/sitemap/schools/17-Stanford-University/courses/685151-EE271/,17,Stanford University,1,Fall,0,2014,4371234,10553008,EE271 Discussion SessionYaoyu Tao11/14/2014Copyright 2014 Stanford University1Outlines Binary Decision Diagrams (BDD) Adders and Multipliers Project Assignment 2Copyright 2014 Stanford University2Definitions &amp; Terminology A Binary Decision Dia,1/13/15 11:46,27,5dd772a3ffb4cbcf1c627992e6b716f7d2965303,FALSE,FALSE,https://www.coursehero.com/file/10553008/review-session-11-15-Yaoyu/,review_session_11_15_Yaoyu,20,notes,Slides,Notes,1156296118,1156296118_ch,3339,0.005989817,3/5/24 10:00,
685151,1562237,Introduction to VLSI Systems,271,EE,10339,352354,OFER,0,OFER,352354,17,,https://www.coursehero.com/sitemap/schools/17-Stanford-University/courses/685151-EE271/,17,Stanford University,0,,1,2012,1562237,7498313,"Lecture 4Fabrication and LayoutSubhasish MitraStanford Universitysubh@stanford.eduCopyright 2011 by Subhasish Mitra, with significant contributions from Mark Horowitz1Overview Reading WHChapter 3 http:/www.intel.com/education/makingchips/ Intr",2/7/13 21:55,49,17e1cb9f859e6e78a522624be23c0f010a16c6ce,TRUE,FALSE,https://www.coursehero.com/file/7498313/Lect04-FabampLayout/,Lect04-Fab&amp;amp;Layout,24,notes,Slides,Notes,1.00001E+14,doublestick,4044,0.005934718,3/5/24 10:00,
685151,1562237,Introduction to VLSI Systems,271,EE,10339,352354,OFER,0,OFER,352354,17,,https://www.coursehero.com/sitemap/schools/17-Stanford-University/courses/685151-EE271/,17,Stanford University,0,,1,2012,1562237,7498299,EE 214A /,2/7/13 21:55,13,8cd45e2e9f3b8f0b3e0bd53d32f58e5515442480,FALSE,FALSE,https://www.coursehero.com/file/7498299/HW2-11-Sol/,HW2_11_Sol,24,notes,Other,Notes,1.00001E+14,doublestick,4044,0.005934718,3/5/24 10:00,
685151,4328431,Introduction to VLSI Systems,271,EE,10339,1245,,0,,1245,17,,https://www.coursehero.com/sitemap/schools/17-Stanford-University/courses/685151-EE271/,17,Stanford University,1,Fall,0,2013,4328431,10267347,"Overview ""Rethinking Digital Design: Why Design Must Change,"" Micro, Nov.-Dec. 2010 Nikhil R ; , ""Bluespec System Verilog: efficient correct RTL from high levelNikhil, R.; Bluespecefficient,specifications,"" Formal Methods and Models for Co-Design, 20",11/10/14 22:47,9,cd876137d500935367dfc6f49305180ca6306437,TRUE,FALSE,https://www.coursehero.com/file/10267347/ee27113lect11generatorsAndGenesis4up/,ee271+13+lect11+generatorsAndGenesis.4up,20,notes,Notes,Notes,1.00001E+14,NicholasS25,3403,0.005877167,3/5/24 10:00,
685151,5087035,Introduction to VLSI Systems,271,EE,10339,1245,,0,,1245,17,,https://www.coursehero.com/sitemap/schools/17-Stanford-University/courses/685151-EE271/,17,Stanford University,3,Spring,0,2016,5087035,13716269,"Introduction to PostSilicon ValidationNagib Hakim nagib.hakim@intel.comSystem Validation EngineeringIntel CorporationAgendaThe SOC challengeValidation timeline.Validation Disciplines and ToolsResearch OpportunitiesMarch 2, 2016Introduction to Po",3/14/16 13:08,17,5df8c149d928fd076f602035d50f18151f7c7f71,FALSE,FALSE,https://www.coursehero.com/file/13716269/ee27116lecture14aPostSiliconValidation/,ee271.16.lecture14a.PostSiliconValidation,17,notes,Slides,Notes,1.00001E+14,xingyuliu,2913,0.005835908,3/5/24 10:00,
685151,4371234,Introduction to VLSI Systems,271,EE,10339,960975,Igormarkov,0,Igormarkov,960975,17,,https://www.coursehero.com/sitemap/schools/17-Stanford-University/courses/685151-EE271/,17,Stanford University,1,Fall,0,2014,4371234,14808026,,1/13/15 11:46,22,9dbdea23fd6d913e78e029d3d06b97bc983de72c,FALSE,FALSE,https://www.coursehero.com/file/14808026/review-session-12-05-Yaoyu/,review_session_12_05_Yaoyu,19,notes,Slides,Notes,1156296118,1156296118_ch,3339,0.005690326,3/5/24 10:00,
685151,4371234,Introduction to VLSI Systems,271,EE,10339,960975,Igormarkov,0,Igormarkov,960975,17,,https://www.coursehero.com/sitemap/schools/17-Stanford-University/courses/685151-EE271/,17,Stanford University,1,Fall,0,2014,4371234,10553010,"Timing Driven Placement Place blocks (gates, modules) on a chip to: Reduce delay Satisfy timing constraint Reduce congestion Timing constraint can be measured by either Worst Negative Slack Total Negative Slack For a given placement, find the leas",1/13/15 11:46,13,53eb371528b6a0b14f59b53a6917931e612932f3,FALSE,FALSE,https://www.coursehero.com/file/10553010/FinalExamReview/,FinalExamReview,19,notes,Slides,Notes,1156296118,1156296118_ch,3339,0.005690326,3/5/24 10:00,
685151,4328431,Introduction to VLSI Systems,271,EE,10339,1245,,0,,1245,17,,https://www.coursehero.com/sitemap/schools/17-Stanford-University/courses/685151-EE271/,17,Stanford University,1,Fall,0,2013,4328431,10267351,"OverviewLecture 4Fabrication and LayoutMark HorowitzStanford Universityhorowitz@ee.stanford.eduCopyright 2013 by Mark Horowitz,With contributions from Subhasish Mitra and Ofer ShachamMAH 2013EE271 - Introduction to VLSI Systems1Reading WH3.1-",11/10/14 22:47,17,b91da2872f7b27a7bb6d238180f77cbb375ba992,FALSE,FALSE,https://www.coursehero.com/file/10267351/ee271lect04LayoutFabrication4up/,ee271.lect04.LayoutFabrication.4up,19,notes,Notes,Notes,1.00001E+14,NicholasS25,3403,0.005583309,3/5/24 10:00,
685151,5087035,Introduction to VLSI Systems,271,EE,10339,1245,,0,,1245,17,,https://www.coursehero.com/sitemap/schools/17-Stanford-University/courses/685151-EE271/,17,Stanford University,3,Spring,0,2016,5087035,13716273,"World Relies on ElectronicsQED Post-Silicon Validation &amp; DebugRobust Systems GrouplEnsure robust operationlEnhance user experienceStanford University2Staggering ComplexityCMOS Scaling SlowdownFreq.[Mhz] 5,000FunctionalityCPU Cores3D Graphics",3/14/16 13:11,24,eb10bde66a407790e87a445da660958493068c9e,FALSE,FALSE,https://www.coursehero.com/file/13716273/ee27116lecture14bPostSiliconValidation/,ee271.16.lecture14b.PostSiliconValidation,16,notes,Other,Notes,1.00001E+14,xingyuliu,2913,0.005492619,3/5/24 10:00,
685151,4371234,Introduction to VLSI Systems,271,EE,10339,960975,Igormarkov,0,Igormarkov,960975,17,,https://www.coursehero.com/sitemap/schools/17-Stanford-University/courses/685151-EE271/,17,Stanford University,1,Fall,0,2014,4371234,10552970,OverviewLecture 4Fabrication and LayoutReading WH3.1-3.3 (rest of chapter is + reading) http:/www.intel.com/pressroom/kits/chipmaking/index.htmIntroductionThe whole IC business is based on the fact that complexcircuits can be printed on a silicon,1/13/15 11:45,12,00cd9d250b6cd806532011c6dc273327c77012af,FALSE,FALSE,https://www.coursehero.com/file/10552970/ee271lect04LayoutFabrication-6x/,ee271.lect04.LayoutFabrication-6x,18,notes,Notes,Notes,1156296118,1156296118_ch,3339,0.005390836,3/5/24 10:00,
685151,4371234,Introduction to VLSI Systems,271,EE,10339,960975,Igormarkov,0,Igormarkov,960975,17,,https://www.coursehero.com/sitemap/schools/17-Stanford-University/courses/685151-EE271/,17,Stanford University,1,Fall,0,2014,4371234,10552963,"OverviewReading+ W&amp;H 2.1,2.2 (Device model);W&amp;H 2.5 DC Transfer CharacteristicsLecture 2:The Building Blocks:from Transistors to GatesIntroductionIn this lecture we look at how to take the elements we can build,transistors and wires, and convert ",1/13/15 11:45,8,93337281a2576a12976684dc32098047842104ae,FALSE,FALSE,https://www.coursehero.com/file/10552963/ee271lect02Trans2Gates-6x/,ee271.lect02.Trans2Gates-6x,18,notes,Notes,Notes,1156296118,1156296118_ch,3339,0.005390836,3/5/24 10:00,
685151,4328431,Introduction to VLSI Systems,271,EE,10339,1245,,0,,1245,17,,https://www.coursehero.com/sitemap/schools/17-Stanford-University/courses/685151-EE271/,17,Stanford University,1,Fall,0,2013,4328431,210917997,"Lecture 7SynthesisSubhasish MitraComputer Systems LaboratoryStanford Universitysubh@stanford.eduCopyright  2007 by Subhasish Mitra, with significant contributions from Mark HorowitzWith material from Don StarkSMEE2711My Verilog is Functional,",9/1/23 1:30,32,d23a60712317c6353c50c893ce9246a0839a5f89,TRUE,FALSE,https://www.coursehero.com/file/210917997/ee271107lect7Synthesispdf/,ee271[1].07.lect7.Synthesis.pdf,1,,Other,,1.00001E+14,BarristerOxideSwan7,186,0.005376344,3/5/24 10:00,
685151,4328431,Introduction to VLSI Systems,271,EE,10339,1245,,0,,1245,17,,https://www.coursehero.com/sitemap/schools/17-Stanford-University/courses/685151-EE271/,17,Stanford University,1,Fall,0,2013,4328431,210916894,Lecture 14Scaling and PowerSubhasish MitraComputer Systems LaboratoryStanford Universitysubh@stanford.eduCopyright  2007 by Subhasish Mitra with majorcontributions from Mark HorowitzSMEE2711Overview Reading- W H 4.9 - 4.9.2 CMOS Scaling ,9/1/23 1:22,19,1c859c413bc2f5acb29885601945a80fc9d463c7,FALSE,FALSE,https://www.coursehero.com/file/210916894/ee271107lect14ScalingPowerpdf/,ee271[1].07.lect14.ScalingPower.pdf,1,,Other,,1.00001E+14,BarristerOxideSwan7,186,0.005376344,3/5/24 10:00,
685151,4328431,Introduction to VLSI Systems,271,EE,10339,1245,,0,,1245,17,,https://www.coursehero.com/sitemap/schools/17-Stanford-University/courses/685151-EE271/,17,Stanford University,1,Fall,0,2013,4328431,18766813,"Autumn08/09EE271OPTIONALHomework5dueDec3rd,2008@classtime(NOTE:Thishomeworkisoptionalanddoesnotcountintothehomeworkgrades.Itwillbeconsideredonlyfortherarecasesofpeopleontheborderbetweentwogrades.)1.PowerconsumptioninprocessorsAssumethepowerconsumedb",1/10/17 3:25,5,df331a1c865f184943dfc6037f1009d45545cefb,TRUE,FALSE,https://www.coursehero.com/file/18766813/optionalHW5/,optionalHW5,14,,Assignment,,1.00001E+14,parthamurali,2611,0.00536193,3/5/24 10:00,
685151,4371234,Introduction to VLSI Systems,271,EE,10339,960975,Igormarkov,0,Igormarkov,960975,17,,https://www.coursehero.com/sitemap/schools/17-Stanford-University/courses/685151-EE271/,17,Stanford University,1,Fall,0,2014,4371234,14808127,,1/13/15 11:45,21,aba83c3e3293f41b3103e388e90aec34a0ed242c,TRUE,FALSE,https://www.coursehero.com/file/14808127/ee271lect03DelayLogicMin-4x/,ee271.lect03.DelayLogicMin-4x,17,notes,Notes,Notes,1156296118,1156296118_ch,3339,0.005091345,3/5/24 10:00,
685151,4371234,Introduction to VLSI Systems,271,EE,10339,960975,Igormarkov,0,Igormarkov,960975,17,,https://www.coursehero.com/sitemap/schools/17-Stanford-University/courses/685151-EE271/,17,Stanford University,1,Fall,0,2014,4371234,10552971,"OverviewLecture 4Fabrication and LayoutIgor MarkovStanford Universityimarkov@stanford.eduCopyright 2013 by Mark Horowitz,With contributions from Subhasish Mitra and Ofer ShachamILM 2014EE271 - Lecture 41Reading WH3.1-3.3 (rest of chapter is +",1/13/15 11:45,17,b80cff599b52067208f357f3a49a8ad19d7833a1,FALSE,FALSE,https://www.coursehero.com/file/10552971/ee271lect04LayoutFabrication-4x/,ee271.lect04.LayoutFabrication-4x,17,notes,Notes,Notes,1156296118,1156296118_ch,3339,0.005091345,3/5/24 10:00,
685151,4328431,Introduction to VLSI Systems,271,EE,10339,1245,,0,,1245,17,,https://www.coursehero.com/sitemap/schools/17-Stanford-University/courses/685151-EE271/,17,Stanford University,1,Fall,0,2013,4328431,10551495,"OverviewReadingW&amp;H 5.1 5.2.2 Power dissipation dynamic power5 1-5 2 2dissipation,Skip optional sectionsW&amp;H 5.3-5.3.1 Leakage currenty ()W&amp;H 4.1-4.3.3 Delay +(the rest of 4.3)Lecture 3Characterizing and Optimizing Boolean Gates:MOS Delay, Power",11/10/14 22:47,21,837daad9811747f2155fa9364110c387c63db355,TRUE,FALSE,https://www.coursehero.com/file/10551495/ee271lect03DelayLogicMin4up/,ee271.lect03.DelayLogicMin.4up,17,notes,Notes,Notes,1.00001E+14,NicholasS25,3403,0.004995592,3/5/24 10:00,
685151,4328431,Introduction to VLSI Systems,271,EE,10339,1245,,0,,1245,17,,https://www.coursehero.com/sitemap/schools/17-Stanford-University/courses/685151-EE271/,17,Stanford University,1,Fall,0,2013,4328431,10267348,"OverviewReading+ W&amp;H 2.1,2.2 (Device model);2122W&amp;H 2.5, 2.6 Circuits and DelayLecture 2:The Building Blocks:from Transistors to GatesIntroductionIn this lecture we look at how to take the elements we can build,transistors and wires, and convert",11/10/14 22:47,12,bd27cbff7440cac67b69ef5fb90c64e35e4686f2,FALSE,FALSE,https://www.coursehero.com/file/10267348/ee271lect02Trans2Gates4up/,ee271.lect02.Trans2Gates.4up,17,notes,Notes,Notes,1.00001E+14,NicholasS25,3403,0.004995592,3/5/24 10:00,
685151,1562237,Introduction to VLSI Systems,271,EE,10339,352354,OFER,0,OFER,352354,17,,https://www.coursehero.com/sitemap/schools/17-Stanford-University/courses/685151-EE271/,17,Stanford University,0,,1,2012,1562237,7498306,"EE114 Autumn 10/11R. DuttonPage 1 of 4HOMEWORK #6(Due on Monday, December 5, 2011, noon PT - Solutions will be posted immediately)1. For the circuit shown below write (symbolically) the expressions for the closed -loop(low frequency) port impedances",2/7/13 21:55,4,987cb305c6022d05a404336a8f5ce1bd640a4683,TRUE,FALSE,https://www.coursehero.com/file/7498306/PS611-updated/,PS6.11_updated,20,notes,Assignment,Notes,1.00001E+14,doublestick,4044,0.004945598,3/5/24 10:00,
685151,1562237,Introduction to VLSI Systems,271,EE,10339,352354,OFER,0,OFER,352354,17,,https://www.coursehero.com/sitemap/schools/17-Stanford-University/courses/685151-EE271/,17,Stanford University,0,,1,2012,1562237,7498298,"EE114/214A Autumn 11/12R. DuttonPage 1 of 2HOMEWORK #2(Due: Wednesday, October 12, 2011, noon PT)1. Read the CAD Basics document available on the course website and set up yoursimulation environment. Run the HSpice simulation example example_114.sp ",2/7/13 21:55,2,f015c7349a3ebb312f025494bfc972fea8954cfb,FALSE,FALSE,https://www.coursehero.com/file/7498298/HW211/,HW2.11,20,notes,Assignment,Notes,1.00001E+14,doublestick,4044,0.004945598,3/5/24 10:00,
685151,1621487,Introduction to VLSI Systems,271,EE,10339,352354,OFER,0,OFER,352354,17,,https://www.coursehero.com/sitemap/schools/17-Stanford-University/courses/685151-EE271/,17,Stanford University,1,Fall,1,2012,1621487,7992351,"Lecture 3Fabrication and LayoutOfer ShachamStanford Universityshacham@alumni.stanford.edu / shacham@stanford.eduCopyright 2012 by Ofer Shacham,With significant contributions from Subhasish Mitra and Mark HorowitzOS 2012EE271 - Introduction to VLSI",6/28/13 2:44,55,0dd99edf3a7fe5045ea0af6a67462e6a6f8e63e1,TRUE,FALSE,https://www.coursehero.com/file/7992351/ee27112lect3LayoutFabrication/,ee271.12.lect3.LayoutFabrication,19,notes,Slides,Notes,1.00001E+14,xguo1234,3903,0.00486805,3/5/24 10:00,
685151,1562237,Introduction to VLSI Systems,271,EE,10339,352354,OFER,0,OFER,352354,17,,https://www.coursehero.com/sitemap/schools/17-Stanford-University/courses/685151-EE271/,17,Stanford University,0,,1,2012,1562237,7498320,"EE 271: Test/DebugW hy is this important?Moores Law: Great for design, bad for test/quality Transistor counts going up 2X every 2 years Complexity grows exponentially (2 x state = ~complexity2) Devices shrinking 2x every 2 yearsEE271: Silicon Test a",2/7/13 21:56,7,21a4d2bf53530f9d44b4d4929017f5bcc6917def,FALSE,FALSE,https://www.coursehero.com/file/7498320/Lect14-PostSi-Stinson/,Lect14-PostSi-Stinson,19,notes,Slides,Notes,1.00001E+14,doublestick,4044,0.004698318,3/5/24 10:00,
685151,4328431,Introduction to VLSI Systems,271,EE,10339,1245,,0,,1245,17,,https://www.coursehero.com/sitemap/schools/17-Stanford-University/courses/685151-EE271/,17,Stanford University,1,Fall,0,2013,4328431,18003948,"Lecture 5:Gate LogicLogic OptimizationMAH, AENEE271 Lecture 51OverviewReadingMcCluskey, Logic Design Principles- or any text in boolean algebraIntroductionWe could design at the level of irsim-Think about transistors as switchesBuild collecti",11/27/16 7:47,16,5bcb43d9f0665387412f1207eae9024abbc370d4,FALSE,FALSE,https://www.coursehero.com/file/18003948/lect05/,lect.05,12,notes,Notes,Notes,1.00001E+14,tonyyyy69,2655,0.004519774,3/5/24 10:00,
685151,4371234,Introduction to VLSI Systems,271,EE,10339,960975,Igormarkov,0,Igormarkov,960975,17,,https://www.coursehero.com/sitemap/schools/17-Stanford-University/courses/685151-EE271/,17,Stanford University,1,Fall,0,2014,4371234,11195139,"OverviewReadingW&amp;H 5.1-5.2.2 Power dissipation, dynamic powerSkip optional sectionsW&amp;H 5.3-5.3.1 Leakage currentW&amp;H 4.1-4.3.3 Delay +(the rest of 4.3)Lecture 3Characterizing and Optimizing Boolean Gates:MOS Delay, Power and Gate OptimizationIntro",1/13/15 11:45,14,9edc21f74155413e508f86859ed45a30db998bd5,FALSE,FALSE,https://www.coursehero.com/file/11195139/ee271lect03DelayLogicMin-6x/,ee271.lect03.DelayLogicMin-6x,15,notes,Notes,Notes,1156296118,1156296118_ch,3339,0.004492363,3/5/24 10:00,
685151,5087035,Introduction to VLSI Systems,271,EE,10339,1245,,0,,1245,17,,https://www.coursehero.com/sitemap/schools/17-Stanford-University/courses/685151-EE271/,17,Stanford University,3,Spring,0,2016,5087035,13716260,"Lecture 2MOS Transistors, GatesBinh LeStanford Universitybinh@stanford.eduCopyright 2016 by Binh Le,With significant contributions from Subhasish Mitra, Mark Horowitz, Igor Markov, Don Stark, and AzitaEmamiBL1OverviewReadingW&amp;H 2.1,2.2 (Device",3/14/16 13:06,42,759b9fe50bb8c44b1f2bdc9272cbfa1f07a0a77d,TRUE,FALSE,https://www.coursehero.com/file/13716260/ee27116lect2Trans2Gates/,ee271.16.lect2.Trans2Gates,13,notes,Slides,Notes,1.00001E+14,xingyuliu,2913,0.004462753,3/5/24 10:00,
685151,1562237,Introduction to VLSI Systems,271,EE,10339,352354,OFER,0,OFER,352354,17,,https://www.coursehero.com/sitemap/schools/17-Stanford-University/courses/685151-EE271/,17,Stanford University,0,,1,2012,1562237,7498315,"Lecture 7Sequencing Digital LogicSubhasish MitraStanford Universitysubh@stanford.eduCopyright 2011 by Subhasish Mitra, with significant contributions from Mark HorowitzWith material from David HarrisSMEE2711Overview IntroductionUntil now we co",2/7/13 21:55,31,3596e76bfeadb078bacc5249f9e4e134fc44a92f,FALSE,FALSE,https://www.coursehero.com/file/7498315/Lect07-Clk/,Lect07-Clk,18,notes,Slides,Notes,1.00001E+14,doublestick,4044,0.004451039,3/5/24 10:00,
685151,4371234,Introduction to VLSI Systems,271,EE,10339,960975,Igormarkov,0,Igormarkov,960975,17,,https://www.coursehero.com/sitemap/schools/17-Stanford-University/courses/685151-EE271/,17,Stanford University,1,Fall,0,2014,4371234,10552987,Lecture 14The Future of Silicon Scaling:The Current and Looming Power ProblemIgor MarkovStanford Universityimarkov@stanford.eduCopyright 2013 by Mark HorowitzILMEE271 Lecture 141Remember Our Story:A Long Time AgoIn a building not far awayA ma,1/13/15 11:45,47,9723ffeaea57d052597bceccade092c02e08dca7,TRUE,FALSE,https://www.coursehero.com/file/10552987/ee271lect14Scaling-1x/,ee271.lect14.Scaling-1x,14,notes,Slides,Notes,1156296118,1156296118_ch,3339,0.004192872,3/5/24 10:00,
685151,4371234,Introduction to VLSI Systems,271,EE,10339,960975,Igormarkov,0,Igormarkov,960975,17,,https://www.coursehero.com/sitemap/schools/17-Stanford-University/courses/685151-EE271/,17,Stanford University,1,Fall,0,2014,4371234,10552972,"OverviewReadingIntroductionThis lecture will finish up the logical effort material from Lecture 5, andthen look at what all this performance optimization does to the powerdissipation of the circuit (hint, it makes it larger). We then talk abouthow t",1/13/15 11:45,6,10f107e48314e08372b6965a456b8a718e1d0dd2,TRUE,FALSE,https://www.coursehero.com/file/10552972/ee271lect06SystemTiming-6x/,ee271.lect06.SystemTiming-6x,14,notes,Notes,Notes,1156296118,1156296118_ch,3339,0.004192872,3/5/24 10:00,
685151,5087035,Introduction to VLSI Systems,271,EE,10339,1245,,0,,1245,17,,https://www.coursehero.com/sitemap/schools/17-Stanford-University/courses/685151-EE271/,17,Stanford University,3,Spring,0,2016,5087035,13716265,EE271Introduction to VLSI DesignEmilio YeroCopyright 2013 by Ofer Shacham &amp; Mark HorowitzWith contributions from Zain AsgarEY1OverviewEY2Why Use Coding Guidelines:The Human PerspectiveEY3Why Use Coding Guidelines:The Tools PerspectiveEY4,3/14/16 13:07,57,74bffab714b58e078f81d11fd87a8f975c30c442,FALSE,FALSE,https://www.coursehero.com/file/13716265/ee27116lect8rtl-for-synth/,ee271.16.lect8.rtl-for-synth,12,notes,Slides,Notes,1.00001E+14,xingyuliu,2913,0.004119464,3/5/24 10:00,
685151,4328431,Introduction to VLSI Systems,271,EE,10339,1245,,0,,1245,17,,https://www.coursehero.com/sitemap/schools/17-Stanford-University/courses/685151-EE271/,17,Stanford University,1,Fall,0,2013,4328431,10267335,"OverviewLecture 14Performance TricksMark HorowitzStanford Universityyhorowitz@stanford.eduReading+ W H 11 211.2+ W H 11.9AdditionAdditiMultiplicationIntroductionWe now have all the tools we need to build a chip. We canwrite Verilog, create",11/10/14 22:47,15,9d4a383ff0bc39fa90f1055539daea138d77fbed,FALSE,FALSE,https://www.coursehero.com/file/10267335/ee271lect14PerformanceTricks4up/,ee271.lect14.PerformanceTricks.4up,14,notes,Notes,Notes,1.00001E+14,NicholasS25,3403,0.004114017,3/5/24 10:00,
685151,1621487,Introduction to VLSI Systems,271,EE,10339,352354,OFER,0,OFER,352354,17,,https://www.coursehero.com/sitemap/schools/17-Stanford-University/courses/685151-EE271/,17,Stanford University,1,Fall,1,2012,1621487,7992361,Lecture 12Performance TricksOfer ShachamStanford Universityshacham@alumni.stanford.eduCopyright 2012 by Ofer ShachamBased on slides from Mark HorowitzOS 2012EE271 - Introduction to VLSI Systems1OverviewReading+ W H 10.2AdditionIntroductionW,6/28/13 2:44,58,7163ce9efe2ca2eb01d67ebea8aae563fc115b8f,FALSE,FALSE,https://www.coursehero.com/file/7992361/ee27112lect12PerformanceTricks/,ee271.12.lect12.PerformanceTricks,16,notes,Slides,Notes,1.00001E+14,xguo1234,3903,0.004099411,3/5/24 10:00,
685151,4371234,Introduction to VLSI Systems,271,EE,10339,960975,Igormarkov,0,Igormarkov,960975,17,,https://www.coursehero.com/sitemap/schools/17-Stanford-University/courses/685151-EE271/,17,Stanford University,1,Fall,0,2014,4371234,10553011,"Discussion Session on Scaling &amp;Project Assignment 2 + 3Friday Nov 21, 2014Derek YanYaoyu TaoDY &amp; YTEE271 Discussion Session1Agenda Scaling Benefits of Silicon Dennards Scaling Future of Scaling Project Assignment 2 &amp; 3 Happy Thanksgiving! N",1/13/15 11:46,13,1f6518872f4c2d3fbc3c4ba0deab58adf45b0d02,FALSE,FALSE,https://www.coursehero.com/file/10553011/ScalingTutorial/,ScalingTutorial,13,notes,Slides,Notes,1156296118,1156296118_ch,3339,0.003893381,3/5/24 10:00,
685151,4328431,Introduction to VLSI Systems,271,EE,10339,1245,,0,,1245,17,,https://www.coursehero.com/sitemap/schools/17-Stanford-University/courses/685151-EE271/,17,Stanford University,1,Fall,0,2013,4328431,18766814,"Autumn 08/09Prof. Subhasish MitraPage 1 of 2EE 271 Introduction to VLSI SystemsAutumn 2008-2009Time:MW 12:50 2:05 pm, Location: Gates B01Review Session: Friday 3:15-4:05 pm, Location: Skill AudWebsitehttp:/eeclass.stanford.edu/ee271Instructor:E",1/10/17 3:22,2,76c66c1aefc7aefadc3ab5341c47e7613be75435,FALSE,FALSE,https://www.coursehero.com/file/18766814/Info-Sheet/,Info_Sheet,10,notes,Syllabus,Notes,1.00001E+14,parthamurali,2611,0.00382995,3/5/24 10:00,
685151,4328431,Introduction to VLSI Systems,271,EE,10339,1245,,0,,1245,17,,https://www.coursehero.com/sitemap/schools/17-Stanford-University/courses/685151-EE271/,17,Stanford University,1,Fall,0,2013,4328431,10267334,"Advanced Custom Designer TutorialEE271 Fall 2013 HorowitzSaving Space: Multi-Finger TransistorsTo create a large transistor with just a single finger, simply adjust its width. Access the Property Editor(keyboard command Q) and change Width per finger ",11/10/14 22:47,3,2b28c6c76f8954d06da37f935040ff45abf928f3,FALSE,FALSE,https://www.coursehero.com/file/10267334/CustomDesigner-AdvTutorial/,CustomDesigner--AdvTutorial,13,notes,Notes,Notes,1.00001E+14,NicholasS25,3403,0.003820159,3/5/24 10:00,
685151,5087035,Introduction to VLSI Systems,271,EE,10339,1245,,0,,1245,17,,https://www.coursehero.com/sitemap/schools/17-Stanford-University/courses/685151-EE271/,17,Stanford University,3,Spring,0,2016,5087035,13716261,"Lecture 3CMOS Delay and PowerBinh LeStanford Universitybinh@stanford.eduCopyright 2016 by Binh Le,With significant contributions from Subhasish Mitra, Mark Horowitz, Igor Markov, Don Stark, and AzitaEmamiBL1OverviewReadingW&amp;H 2.5, 2.6 Circuits",3/14/16 13:06,43,927d800a3d75b6937a723232bd2769ab9373084d,FALSE,FALSE,https://www.coursehero.com/file/13716261/ee27116lect3DelayPower/,ee271.16.lect3.DelayPower,11,notes,Slides,Notes,1.00001E+14,xingyuliu,2913,0.003776176,3/5/24 10:00,
685151,4328431,Introduction to VLSI Systems,271,EE,10339,1245,,0,,1245,17,,https://www.coursehero.com/sitemap/schools/17-Stanford-University/courses/685151-EE271/,17,Stanford University,1,Fall,0,2013,4328431,18003961,"Lecture 6:High-Level Logic DesignHardware Description LanguagesMAH, AENEE271 Lecture 61OverviewReadingW&amp;E 1.6-1.6.2, 1.7 - Functional RepresentationsW&amp;E 8.4.1 - FSMVerilog Tutorial, Verilog According to TomIntroductionTo deal with the large co",11/27/16 7:47,19,c941c088a96a889f7cb725e115be7eca635b0b7c,FALSE,FALSE,https://www.coursehero.com/file/18003961/lect06/,lect.06,10,notes,Notes,Notes,1.00001E+14,tonyyyy69,2655,0.003766478,3/5/24 10:00,
685151,4328431,Introduction to VLSI Systems,271,EE,10339,1245,,0,,1245,17,,https://www.coursehero.com/sitemap/schools/17-Stanford-University/courses/685151-EE271/,17,Stanford University,1,Fall,0,2013,4328431,18003950,"Lecture 9:Cell Design IssuesMAH, AENEE271 Lecture 91OverviewReadingW&amp;E 6.3 to 6.3.6 - FPGA, Gate Array, and Std Cell designW&amp;E 5.3 - Cell designIntroductionThis lecture will look at some of the layout issues for cell designs. There are twoissue",11/27/16 7:47,22,8005c8f9e0160dbb15cd21177dc06d77e192735c,FALSE,FALSE,https://www.coursehero.com/file/18003950/lect09/,lect.09,10,notes,Notes,Notes,1.00001E+14,tonyyyy69,2655,0.003766478,3/5/24 10:00,
685151,4371234,Introduction to VLSI Systems,271,EE,10339,960975,Igormarkov,0,Igormarkov,960975,17,,https://www.coursehero.com/sitemap/schools/17-Stanford-University/courses/685151-EE271/,17,Stanford University,1,Fall,0,2014,4371234,10552989,"Lecture 15Energy Rules of Thumb:How Low Can You GoIgor MarkovStanford Universityimarkov@stanford.eduCopyright 2013 by Mark HorowitzILMEE271 Lecture 151Energy Efficiency MetricsTo optimize something need a good metric Power? P = CVVF, so lower",1/13/15 11:45,22,c1de73d1ff0de1c9993412c5a88f45a03c7ac33e,TRUE,FALSE,https://www.coursehero.com/file/10552989/ee271lect15RulesOfThumb-1x/,ee271.lect15.RulesOfThumb-1x,12,notes,Slides,Notes,1156296118,1156296118_ch,3339,0.00359389,3/5/24 10:00,
685151,4371234,Introduction to VLSI Systems,271,EE,10339,960975,Igormarkov,0,Igormarkov,960975,17,,https://www.coursehero.com/sitemap/schools/17-Stanford-University/courses/685151-EE271/,17,Stanford University,1,Fall,0,2014,4371234,10552973,"Lecture 4Fabrication and LayoutIgor MarkovStanford Universityimarkov@stanford.eduCopyright 2013 by Mark Horowitz,With contributions from Subhasish Mitra and Ofer ShachamILM 2014EE271 - Lecture 41OverviewReading WH3.1-3.3 (rest of chapter is +",1/13/15 11:45,68,121a37462504696baec3e51ac6d8997aa0f7a85f,TRUE,FALSE,https://www.coursehero.com/file/10552973/ee271lect04LayoutFabrication-1x/,ee271.lect04.LayoutFabrication-1x,12,notes,Slides,Notes,1156296118,1156296118_ch,3339,0.00359389,3/5/24 10:00,
685151,4328431,Introduction to VLSI Systems,271,EE,10339,1245,,0,,1245,17,,https://www.coursehero.com/sitemap/schools/17-Stanford-University/courses/685151-EE271/,17,Stanford University,1,Fall,0,2013,4328431,10267343,"OverviewLecture 8Sequential CircuitsMark HorowitzStanford Universityhorowitz@ee.stanford.eduCopyright 2013 by Mark Horowitz,With material from Subhasish Mitra and Ofer ShachamMAH 2013EE271 - Lecture 81Reading WH10.1, 10.2, 10.4-10.4.1.310 1 ",11/10/14 22:47,13,1aeeb52b248d8f28f6535b5a8dfff878094f507e,FALSE,FALSE,https://www.coursehero.com/file/10267343/ee271lect08SequentialCircuits4up/,ee271.lect.08.SequentialCircuits.4up,11,notes,Notes,Notes,1.00001E+14,NicholasS25,3403,0.003232442,3/5/24 10:00,
685151,4328431,Introduction to VLSI Systems,271,EE,10339,1245,,0,,1245,17,,https://www.coursehero.com/sitemap/schools/17-Stanford-University/courses/685151-EE271/,17,Stanford University,1,Fall,0,2013,4328431,10267337,Remember Our Story:A Long Time AgoLecture 15L tThe Future of Silicon Scaling:The Current and Looming Power ProblemIn a building not far awaygyA man made a prediction O surprisingly littl d tOni i l little dataMark HorowitzStanford University,11/10/14 22:47,12,69e2d39883db9806cedd82bebdc6293bc0d76cc3,FALSE,FALSE,https://www.coursehero.com/file/10267337/ee271lect15Scaling4up/,ee271.lect15.Scaling.4up,11,notes,Slides,Notes,1.00001E+14,NicholasS25,3403,0.003232442,3/5/24 10:00,
685151,5087035,Introduction to VLSI Systems,271,EE,10339,1245,,0,,1245,17,,https://www.coursehero.com/sitemap/schools/17-Stanford-University/courses/685151-EE271/,17,Stanford University,3,Spring,0,2016,5087035,13716264,"Lecture 6Sequencing Digital LogicBinh LeStanford Universitybinh@stanford.eduCopyright 2016 by Binh Le,With significant contributions from Subhasish Mitra, Mark Horowitz, Igor Markov, Don Stark, and AzitaEmamiBL1Overview Reading W H 10.1, 10.2,",3/14/16 13:07,30,22f7f1c7d3a7103a586a067823958f70e80bee84,FALSE,FALSE,https://www.coursehero.com/file/13716264/ee27116lect6SequentialCircuits/,ee271.16.lect6.SequentialCircuits,9,notes,Slides,Notes,1.00001E+14,xingyuliu,2913,0.003089598,3/5/24 10:00,
685151,4328431,Introduction to VLSI Systems,271,EE,10339,1245,,0,,1245,17,,https://www.coursehero.com/sitemap/schools/17-Stanford-University/courses/685151-EE271/,17,Stanford University,1,Fall,0,2013,4328431,18003949,"Lecture 7:Clocking of VLSI SystemsMAH, AENEE271 Lecture 71OverviewReadingWolf 5.3 Two-Phase Clocking (good description)W&amp;E 5.5.1, 5.5.2, 5.5.3, 5.5.4, 5.5.9, 5.5.10 - ClockingNote: The analysis of latch designs in 5.5.3 is not correct, dont be co",11/27/16 7:47,16,9a65a57a7671722df57c311e0a2589a1989c018f,FALSE,FALSE,https://www.coursehero.com/file/18003949/lect07/,lect.07,8,notes,Notes,Notes,1.00001E+14,tonyyyy69,2655,0.003013183,3/5/24 10:00,
685151,1621487,Introduction to VLSI Systems,271,EE,10339,352354,OFER,0,OFER,352354,17,,https://www.coursehero.com/sitemap/schools/17-Stanford-University/courses/685151-EE271/,17,Stanford University,1,Fall,1,2012,1621487,7992350,"Lecture 3Fabrication and Layout - AppendixOfer ShachamStanford Universityshacham@alumni.stanford.edu / shacham@stanford.eduCopyright 2012 by Ofer Shacham,With significant contributions from Subhasish Mitra and Mark HorowitzOS 2012EE271 - Introduct",6/28/13 2:44,5,e133661a9aeeb16a50826440b162bb3798061905,FALSE,FALSE,https://www.coursehero.com/file/7992350/ee27112lect3Appendix/,ee271.12.lect3.Appendix,11,notes,Slides,Notes,1.00001E+14,xguo1234,3903,0.002818345,3/5/24 10:00,
685151,4371234,Introduction to VLSI Systems,271,EE,10339,960975,Igormarkov,0,Igormarkov,960975,17,,https://www.coursehero.com/sitemap/schools/17-Stanford-University/courses/685151-EE271/,17,Stanford University,1,Fall,0,2014,4371234,10553006,"EE271 Environment Setup and CustomDesigner Tutorial:	 Environment	 Setup:	 VLSI	 is	 very	 tool	 intensive.	 To	 get	 started,	 first	 you	 must	 set	 your	 linux	 environment	 and	 source	 all	 the	 tools	 and	 license	 paths.	 	 Tunneling	 to	 Sta",1/13/15 11:46,10,4c559f4c00c5cf5b3e80bde864d794c9e937074a,FALSE,FALSE,https://www.coursehero.com/file/10553006/EnvSetupandCustomDesigner-Tutorial/,EnvSetupandCustomDesigner--Tutorial,9,notes,Other,Notes,1156296118,1156296118_ch,3339,0.002695418,3/5/24 10:00,
685151,4371234,Introduction to VLSI Systems,271,EE,10339,960975,Igormarkov,0,Igormarkov,960975,17,,https://www.coursehero.com/sitemap/schools/17-Stanford-University/courses/685151-EE271/,17,Stanford University,1,Fall,0,2014,4371234,10552990,"Energy Efficiency MetricsLecture 15To optimize something need a good metric Power? P = CVVF, so lower freq is lower powerEnergy Rules of Thumb:How Low Can You Go Energy? E = CVV, so lower V is lower energy (but it is slower too) Energy * Delay or",1/13/15 11:45,4,424a6a11c35471d045eab1ed8d7c68d41f4c0fcf,FALSE,FALSE,https://www.coursehero.com/file/10552990/ee271lect15RulesOfThumb-6x/,ee271.lect15.RulesOfThumb-6x,9,notes,Slides,Notes,1156296118,1156296118_ch,3339,0.002695418,3/5/24 10:00,
685151,4371234,Introduction to VLSI Systems,271,EE,10339,960975,Igormarkov,0,Igormarkov,960975,17,,https://www.coursehero.com/sitemap/schools/17-Stanford-University/courses/685151-EE271/,17,Stanford University,1,Fall,0,2014,4371234,10552964,"OverviewReading+ W&amp;H 2.1,2.2 (Device model);W&amp;H 2.5 DC Transfer CharacteristicsLecture 2:The Building Blocks:from Transistors to GatesIntroductionIn this lecture we look at how to take the elements we can build,transistors and wires, and convert ",1/13/15 11:45,12,395576d5895a4f2758a1e0653d5a08ff3daa7f22,FALSE,FALSE,https://www.coursehero.com/file/10552964/ee271lect02Trans2Gates-4x/,ee271.lect02.Trans2Gates-4x,9,notes,Notes,Notes,1156296118,1156296118_ch,3339,0.002695418,3/5/24 10:00,
685151,4328431,Introduction to VLSI Systems,271,EE,10339,1245,,0,,1245,17,,https://www.coursehero.com/sitemap/schools/17-Stanford-University/courses/685151-EE271/,17,Stanford University,1,Fall,0,2013,4328431,18003954,"Lecture 4:CMOS Gates,Capacitance, and Switch-Level SimulationMark HorowitzModified by Azita EmamiComputer Systems LaboratoryStanford Universityazita@stanford.eduMAH, AENEE271 Lecture 41OverviewReadingW&amp;E 1.5.5, Wolf 3.1-3.3.3, Complex GatesW",11/27/16 7:47,19,bd3440f761c5cce3ddecdb60b4ce5f0e6efbdb31,TRUE,FALSE,https://www.coursehero.com/file/18003954/lect04/,lect.04,7,notes,Notes,Notes,1.00001E+14,tonyyyy69,2655,0.002636535,3/5/24 10:00,
685151,4328431,Introduction to VLSI Systems,271,EE,10339,1245,,0,,1245,17,,https://www.coursehero.com/sitemap/schools/17-Stanford-University/courses/685151-EE271/,17,Stanford University,1,Fall,0,2013,4328431,10267340,"OverviewLecture 12LCommunicating Across Clock DomainsStanford Universityhorowitz@ee.stanford.eduCopyright 2013 by Mark Horowitz, with contributions from Ron Ho and Jo EbergenEE271 Lecture 1210.610 6IntroductionIn Lect 8 we assumed that all circ",11/10/14 22:47,12,8221f60e05ccfde95ecf565a5e5886c89e5ef048,FALSE,FALSE,https://www.coursehero.com/file/10267340/ee271lect12AsyncCircuits4up/,ee271.lect12.AsyncCircuits.4up,8,notes,Notes,Notes,1.00001E+14,NicholasS25,3403,0.002350867,3/5/24 10:00,
685151,1562237,Introduction to VLSI Systems,271,EE,10339,352354,OFER,0,OFER,352354,17,,https://www.coursehero.com/sitemap/schools/17-Stanford-University/courses/685151-EE271/,17,Stanford University,0,,1,2012,1562237,7498297,"EE114/214A Autumn 11/12R. DuttonPage 1 of 3HOMEWORK #1(Due: Wednesday, October 5, 2011, noon PT)You will not need (and should not use) Spice for any part of this problem set. Use simplelong channel MOS models in all problems (unless otherwise stated",2/7/13 21:55,3,d54d21db31433169d99f402d41afd2f15a4ae8e3,FALSE,FALSE,https://www.coursehero.com/file/7498297/HW111draft/,HW1.11.draft,9,notes,Assignment,Notes,1.00001E+14,doublestick,4044,0.002225519,3/5/24 10:00,
685151,5171648,Introduction to VLSI Systems,271,EE,10339,1245,,0,,1245,17,,https://www.coursehero.com/sitemap/schools/17-Stanford-University/courses/685151-EE271/,17,Stanford University,2,Winter,0,2016,5171648,14058189,"Lecture 3CMOS Delay and PowerBinh LeStanford Universitybinh@stanford.eduCopyright 2016 by Binh Le,With significant contributions from Subhasish Mitra, Mark Horowitz, Igor Markov, Don Stark, and AzitaEmamiBL1OverviewReadingW&amp;H 2.5, 2.6 Circuits",4/11/16 1:39,40,54d437a56bb639a775e98eb8588457d71a7ef8f9,FALSE,FALSE,https://www.coursehero.com/file/14058189/ee27116lect3DelayPower/,ee271.16.lect3.DelayPower,6,notes,Slides,Notes,1.00001E+14,yrdeng,2885,0.002079723,3/5/24 10:00,
685151,4328431,Introduction to VLSI Systems,271,EE,10339,1245,,0,,1245,17,,https://www.coursehero.com/sitemap/schools/17-Stanford-University/courses/685151-EE271/,17,Stanford University,1,Fall,0,2013,4328431,10268220,,11/10/14 22:47,1,b40bf376eb6d17a889bad2dbd2ec5c9972cc6ba5,FALSE,FALSE,https://www.coursehero.com/file/10268220/Homework2-his/,Homework2_his,7,homework,Other,Homework Help,1.00001E+14,NicholasS25,3403,0.002057009,3/5/24 10:00,
685151,4328431,Introduction to VLSI Systems,271,EE,10339,1245,,0,,1245,17,,https://www.coursehero.com/sitemap/schools/17-Stanford-University/courses/685151-EE271/,17,Stanford University,1,Fall,0,2013,4328431,10267350,EE271 FALL 2013 Project ReportName1:SUID1:Name2:SUID2:Project ResultsTotal Dynamic Power (mW):_Total Leakage Power (mW):_Total Power (mW):_Total Area (mm2):_Total Performance (triangles/second):_Number of Rasterization Units:_Actual Cloc,11/10/14 22:47,2,b55c153fbcfa4a1d1cdb8322cb4cca7f4039a898,FALSE,FALSE,https://www.coursehero.com/file/10267350/EE271-FALL-2013-Project-Report-Template/,EE271_FALL_2013_Project_Report_Template,7,notes,Assignment,Notes,1.00001E+14,NicholasS25,3403,0.002057009,3/5/24 10:00,
685151,4328431,Introduction to VLSI Systems,271,EE,10339,1245,,0,,1245,17,,https://www.coursehero.com/sitemap/schools/17-Stanford-University/courses/685151-EE271/,17,Stanford University,1,Fall,0,2013,4328431,10267342,"OverviewReadingIntroductionpgThis lecture will finish up the logical effort material from Lecture 5, andthen look at what all this performance optimization does to the powerdissipation of the circuit (hint, it makes it larger). We then talk abouth",11/10/14 22:47,9,85146c454db85b77d09bc06244bd24728bae17df,FALSE,FALSE,https://www.coursehero.com/file/10267342/ee271lect06SystemTiming4up/,ee271.lect06.SystemTiming.4up,7,notes,Notes,Notes,1.00001E+14,NicholasS25,3403,0.002057009,3/5/24 10:00,
685151,1621487,Introduction to VLSI Systems,271,EE,10339,352354,OFER,0,OFER,352354,17,,https://www.coursehero.com/sitemap/schools/17-Stanford-University/courses/685151-EE271/,17,Stanford University,1,Fall,1,2012,1621487,7992349,"Lecture 2From Transistors to GatesOfer ShachamStanford Universityshacham@alumni.stanford.edu / shacham@stanford.eduCopyright 2012 by Ofer Shacham,With significant contributions from Subhasish Mitra and Mark HorowitzOS 2012EE271 - Introduction to V",6/28/13 2:44,47,45bb75eba46e03d0e8521fdcd3fa35817c1b3d62,FALSE,FALSE,https://www.coursehero.com/file/7992349/ee27112lect2Trans2Gates/,ee271.12.lect2.Trans2Gates,8,notes,Slides,Notes,1.00001E+14,xguo1234,3903,0.002049705,3/5/24 10:00,
685151,4371234,Introduction to VLSI Systems,271,EE,10339,960975,Igormarkov,0,Igormarkov,960975,17,,https://www.coursehero.com/sitemap/schools/17-Stanford-University/courses/685151-EE271/,17,Stanford University,1,Fall,0,2014,4371234,14808046,,1/13/15 11:45,9,26c683aa4dd65a38f8c2359e877915fa1caed178,FALSE,FALSE,https://www.coursehero.com/file/14808046/ee271lect09TechnologyOptimiz-6x/,ee271.lect09.TechnologyOptimiz-6x,6,notes,Notes,Notes,1156296118,1156296118_ch,3339,0.001796945,3/5/24 10:00,
685151,4371234,Introduction to VLSI Systems,271,EE,10339,960975,Igormarkov,0,Igormarkov,960975,17,,https://www.coursehero.com/sitemap/schools/17-Stanford-University/courses/685151-EE271/,17,Stanford University,1,Fall,0,2014,4371234,10552969,"Lecture 6System Level Timing, contdIgor MarkovStanford Universityimarkov@ee.stanford.eduCopyright 2013 by Mark Horowitz,With additions from Subhasish Mitra and Ofer ShachamILM 2014EE271 Lecture 61OverviewReadingIntroductionThis lecture will f",1/13/15 11:45,34,1fd5aa3c94f286f76d616dec787ac2e4dc7f3e10,TRUE,FALSE,https://www.coursehero.com/file/10552969/ee271lect06SystemTiming-1x/,ee271.lect06.SystemTiming-1x,6,notes,Slides,Notes,1156296118,1156296118_ch,3339,0.001796945,3/5/24 10:00,
685151,4371234,Introduction to VLSI Systems,271,EE,10339,960975,Igormarkov,0,Igormarkov,960975,17,,https://www.coursehero.com/sitemap/schools/17-Stanford-University/courses/685151-EE271/,17,Stanford University,1,Fall,0,2014,4371234,11195140,"OverviewLecture 8Sequential CircuitsIgor MarkovStanford Universityimarkov@stanford.eduCopyright 2013 by Mark Horowitz,With material from Subhasish Mitra and Ofer ShachamILM 2014EE271 - Lecture 81Reading WH10.1, 10.2, 10.4-10.4.1.3Introductio",1/13/15 11:45,13,e158ebb15aa7463e806a643934332325b63a1709,FALSE,FALSE,https://www.coursehero.com/file/11195140/ee271lect08SequentialCircuits-4x/,ee271.lect08.SequentialCircuits-4x,5,notes,Notes,Notes,1156296118,1156296118_ch,3339,0.001497454,3/5/24 10:00,
685151,4328431,Introduction to VLSI Systems,271,EE,10339,1245,,0,,1245,17,,https://www.coursehero.com/sitemap/schools/17-Stanford-University/courses/685151-EE271/,17,Stanford University,1,Fall,0,2013,4328431,10268221,,11/10/14 22:47,1,5a06e7c7355358c52e97a131901765168921003f,FALSE,FALSE,https://www.coursehero.com/file/10268221/homework1-his/,homework1_his,5,homework,Other,Homework Help,1.00001E+14,NicholasS25,3403,0.001469292,3/5/24 10:00,
685151,4328431,Introduction to VLSI Systems,271,EE,10339,1245,,0,,1245,17,,https://www.coursehero.com/sitemap/schools/17-Stanford-University/courses/685151-EE271/,17,Stanford University,1,Fall,0,2013,4328431,16217210,"Lecture 8Sequential CircuitsIgor MarkovStanford Universityimarkov@ee.stanford.eduCopyright 2013 by Mark Horowitz,With material from Subhasish Mitra and Ofer ShachamILM 2014EE271 - Lecture 81OverviewReading WH10.1, 10.2, 10.4-10.4.1.3Introduc",9/20/16 15:45,50,96e323e8d584d5df37ce82fd350609716fef2c11,FALSE,FALSE,https://www.coursehero.com/file/16217210/ee271lect08SequentialCircuits-1x/,ee271.lect08.SequentialCircuits-1x,4,,Slides,,1.00001E+14,yuexiangyu,2723,0.001468968,3/5/24 10:00,
685151,4328431,Introduction to VLSI Systems,271,EE,10339,1245,,0,,1245,17,,https://www.coursehero.com/sitemap/schools/17-Stanford-University/courses/685151-EE271/,17,Stanford University,1,Fall,0,2013,4328431,16217180,Lecture 13Performance TricksIgor MarkovStanford Universityimarkov@stanford.eduCopyright 2013 by Mark Horowitzwith some slides from Ofer ShachamILM1OverviewILMReading+ W H 11.2+ W H 11.9AdditionMultiplicationIntroductionWe now have all the,9/20/16 15:45,57,61dc4741dc4c925281baa750dbead8749d127b97,TRUE,FALSE,https://www.coursehero.com/file/16217180/ee271lect13PerformanceTricks-1x/,ee271.lect13.PerformanceTricks-1x,4,,Slides,,1.00001E+14,yuexiangyu,2723,0.001468968,3/5/24 10:00,
685151,5087035,Introduction to VLSI Systems,271,EE,10339,1245,,0,,1245,17,,https://www.coursehero.com/sitemap/schools/17-Stanford-University/courses/685151-EE271/,17,Stanford University,3,Spring,0,2016,5087035,13716266,"DD																				'&amp;%$&amp;&amp;%((#""#""!!PPH116*-.3000/.-,+*452)PP988887POO",3/14/16 13:07,67,137161189e80fb96f61b579c8ef5ddd9586d4b66,FALSE,FALSE,https://www.coursehero.com/file/13716266/ee27116lect4Fabrication-layout/,ee271.16.lect4.Fabrication_layout,4,notes,Other,Notes,1.00001E+14,xingyuliu,2913,0.001373155,3/5/24 10:00,
685151,4371234,Introduction to VLSI Systems,271,EE,10339,960975,Igormarkov,0,Igormarkov,960975,17,,https://www.coursehero.com/sitemap/schools/17-Stanford-University/courses/685151-EE271/,17,Stanford University,1,Fall,0,2014,4371234,10552991,"Energy Efficiency MetricsLecture 15To optimize something need a good metric Power? P = CVVF, so lower freq is lower powerEnergy Rules of Thumb:How Low Can You Go Energy? E = CVV, so lower V is lower energy (but it is slower too) Energy * Delay or",1/13/15 11:45,6,b9e1067e6e3bd1d66e21609dc6ca5ebddd18b53c,FALSE,FALSE,https://www.coursehero.com/file/10552991/ee271lect15RulesOfThumb-4x/,ee271.lect15.RulesOfThumb-4x,4,notes,Slides,Notes,1156296118,1156296118_ch,3339,0.001197963,3/5/24 10:00,