course.canonical_course_id,course.course_id,course.course_name,course.course_num,course.dept_acro,course.dept_id,course.prof_id,course.prof_name,course.professor.dept_id,course.professor.name,course.professor.prof_id,course.professor.school_id,course.resource_url,course.school_id,course.school_name,course.term,course.term_string,course.verified,course.year,course_id,db_filename,description,doc_date,document_pages.page_count,filehash,has_answers,is_featured,resource_url,title,total_views,type,type_ml,type_string,user_id,username
490139,3680312,Analog Electronics,171,EE,79306,812477,"Laws,K.E.",0,"Laws,K.E.",812477,395,https://www.coursehero.com/sitemap/schools/395-University-of-California-Santa-Cruz/courses/490139-EE171/,395,"University of California, Santa Cruz",3,Spring,1,2014,3680312,116742877,"S.C. Petersen, ECE171L rev 3.3, page 1University of California, Santa CruzBaskin School of EngineeringElectrical and Computer Engineering DepartmentAnalog Circuits LaboratoryEXPERIMENT 2: Small-Signal Diode CharacteristicsI. IntroductionThis labora",2021-11-13 15:36:53,7,69e8b1a33a1285a6a2b2a9d183a1d44e1e400aa4,True,False,https://www.coursehero.com/file/116742877/Lab2-Small-Signal-Diodev33pdf/,Lab2-Small-Signal Diode(v3.3).pdf,7,,Notes,,100000771161389,limeiying
490139,3680312,Analog Electronics,171,EE,79306,812477,"Laws,K.E.",0,"Laws,K.E.",812477,395,https://www.coursehero.com/sitemap/schools/395-University-of-California-Santa-Cruz/courses/490139-EE171/,395,"University of California, Santa Cruz",3,Spring,1,2014,3680312,116742783,"ECE171L, rev 3.0, 1 of 5University of California, Santa CruzBaskin School of EngineeringComputer &amp; Electrical Engineering DepartmentAnalog Circuits LaboratoryEXPERIMENT 1: Operational AmplifiersI. DESCRIPTION AND OBJECTIVESThis laboratory presents ",2021-11-13 15:32:52,5,37bb895aa4094a67835664b20b545758344c6dcf,False,False,https://www.coursehero.com/file/116742783/Lab1-Op-amps-v30AD2pdf/,Lab1-Op-amps v3.0(AD2).pdf,28,,Lab,,100000771161389,limeiying
490139,3680314,Analog Electronics,171,EE,79306,812479,"Petersen,S.C.",0,"Petersen,S.C.",812479,395,https://www.coursehero.com/sitemap/schools/395-University-of-California-Santa-Cruz/courses/490139-EE171/,395,"University of California, Santa Cruz",3,Spring,1,2014,3680314,63437328,4)5)6)7)8)9)10),2020-06-11 00:01:36,11,ea43d6ad0d0aedeb81ce71a80f16f28c0231a147,False,False,https://www.coursehero.com/file/63437328/HW8-solnpdf/,HW8_soln.pdf,4,,Other,,100000774037538,kmojabi
490139,3680314,Analog Electronics,171,EE,79306,812479,"Petersen,S.C.",0,"Petersen,S.C.",812479,395,https://www.coursehero.com/sitemap/schools/395-University-of-California-Santa-Cruz/courses/490139-EE171/,395,"University of California, Santa Cruz",3,Spring,1,2014,3680314,63437323,,2020-06-11 00:06:00,8,9d030bd4155478f73aa76a02b2700d894c8fb51e,False,False,https://www.coursehero.com/file/63437323/Lecture5pdf/,Lecture5.pdf,1,,Other,,100000774037538,kmojabi
490139,3680314,Analog Electronics,171,EE,79306,812479,"Petersen,S.C.",0,"Petersen,S.C.",812479,395,https://www.coursehero.com/sitemap/schools/395-University-of-California-Santa-Cruz/courses/490139-EE171/,395,"University of California, Santa Cruz",3,Spring,1,2014,3680314,63437321,,2020-06-11 00:06:02,23,320b1ec4fde355fdfb82da4928137f4d82c985d1,False,False,https://www.coursehero.com/file/63437321/Lecture3pdf/,Lecture3.pdf,1,,Other,,100000774037538,kmojabi
490139,3680314,Analog Electronics,171,EE,79306,812479,"Petersen,S.C.",0,"Petersen,S.C.",812479,395,https://www.coursehero.com/sitemap/schools/395-University-of-California-Santa-Cruz/courses/490139-EE171/,395,"University of California, Santa Cruz",3,Spring,1,2014,3680314,63437319,,2020-06-11 00:05:57,18,c95db75c72d72e5de0a0446fb63769a1b975d4ce,False,False,https://www.coursehero.com/file/63437319/Lecture2pdf/,Lecture2.pdf,1,,Other,,100000774037538,kmojabi
490139,3680314,Analog Electronics,171,EE,79306,812479,"Petersen,S.C.",0,"Petersen,S.C.",812479,395,https://www.coursehero.com/sitemap/schools/395-University-of-California-Santa-Cruz/courses/490139-EE171/,395,"University of California, Santa Cruz",3,Spring,1,2014,3680314,63437318,,2020-06-11 00:06:31,15,544461fb43e840e1021719a9dfac5a1f19b99ff5,False,False,https://www.coursehero.com/file/63437318/Lecture10pdf/,Lecture10.pdf,2,,Other,,100000774037538,kmojabi
490139,3680314,Analog Electronics,171,EE,79306,812479,"Petersen,S.C.",0,"Petersen,S.C.",812479,395,https://www.coursehero.com/sitemap/schools/395-University-of-California-Santa-Cruz/courses/490139-EE171/,395,"University of California, Santa Cruz",3,Spring,1,2014,3680314,63437317,,2020-06-11 00:06:30,11,fadf0a6e9335386361c8465d2a952ad27628ffe2,False,False,https://www.coursehero.com/file/63437317/Lecture8pdf/,Lecture8.pdf,1,,Other,,100000774037538,kmojabi
490139,3680314,Analog Electronics,171,EE,79306,812479,"Petersen,S.C.",0,"Petersen,S.C.",812479,395,https://www.coursehero.com/sitemap/schools/395-University-of-California-Santa-Cruz/courses/490139-EE171/,395,"University of California, Santa Cruz",3,Spring,1,2014,3680314,63437316,,2020-06-11 00:06:30,7,2fb3c2691e6a8244a6ed05ec1d3a01f684a0f82d,False,False,https://www.coursehero.com/file/63437316/Lecture9pdf/,Lecture9.pdf,1,,Other,,100000774037538,kmojabi
490139,3680314,Analog Electronics,171,EE,79306,812479,"Petersen,S.C.",0,"Petersen,S.C.",812479,395,https://www.coursehero.com/sitemap/schools/395-University-of-California-Santa-Cruz/courses/490139-EE171/,395,"University of California, Santa Cruz",3,Spring,1,2014,3680314,63437315,,2020-06-11 00:06:00,8,e649989e2a7e7056e79cfe08edbd136738d50a53,False,False,https://www.coursehero.com/file/63437315/Lecture4pdf/,Lecture4.pdf,1,,Other,,100000774037538,kmojabi
490139,3680314,Analog Electronics,171,EE,79306,812479,"Petersen,S.C.",0,"Petersen,S.C.",812479,395,https://www.coursehero.com/sitemap/schools/395-University-of-California-Santa-Cruz/courses/490139-EE171/,395,"University of California, Santa Cruz",3,Spring,1,2014,3680314,63437312,,2020-06-11 00:01:35,7,962fd971a1c39df5039f7a049b4aba4e9c90e49c,False,False,https://www.coursehero.com/file/63437312/HW6-soln-1pdf/,HW6_soln (1).pdf,6,,Other,,100000774037538,kmojabi
490139,3680314,Analog Electronics,171,EE,79306,812479,"Petersen,S.C.",0,"Petersen,S.C.",812479,395,https://www.coursehero.com/sitemap/schools/395-University-of-California-Santa-Cruz/courses/490139-EE171/,395,"University of California, Santa Cruz",3,Spring,1,2014,3680314,63437309,Homework #9 Solutions1)2)3)4),2020-06-11 00:01:34,4,e86a7f55acd77eae521966dd4504c13ead29d645,False,False,https://www.coursehero.com/file/63437309/HW9-solnpdf/,HW9_soln.pdf,18,,Other,,100000774037538,kmojabi
490139,3680314,Analog Electronics,171,EE,79306,812479,"Petersen,S.C.",0,"Petersen,S.C.",812479,395,https://www.coursehero.com/sitemap/schools/395-University-of-California-Santa-Cruz/courses/490139-EE171/,395,"University of California, Santa Cruz",3,Spring,1,2014,3680314,63437307,,2020-06-11 00:01:34,3,cfb159dee2f774bd324ee8ef8d6b4b2efb667614,False,False,https://www.coursehero.com/file/63437307/HW7-solnpdf/,HW7_soln.pdf,3,,Other,,100000774037538,kmojabi
490139,3680314,Analog Electronics,171,EE,79306,812479,"Petersen,S.C.",0,"Petersen,S.C.",812479,395,https://www.coursehero.com/sitemap/schools/395-University-of-California-Santa-Cruz/courses/490139-EE171/,395,"University of California, Santa Cruz",3,Spring,1,2014,3680314,63437306,,2020-06-11 00:05:02,10,4a817c36fac4d45ff6c5d617dd4568d174d75b58,False,False,https://www.coursehero.com/file/63437306/ECE171L-Review-Notespdf/,ECE171L Review Notes.pdf,23,,Other,,100000774037538,kmojabi
490139,3680314,Analog Electronics,171,EE,79306,812479,"Petersen,S.C.",0,"Petersen,S.C.",812479,395,https://www.coursehero.com/sitemap/schools/395-University-of-California-Santa-Cruz/courses/490139-EE171/,395,"University of California, Santa Cruz",3,Spring,1,2014,3680314,63434814,Example: DC Power Supply (From 60-Hz AC Signal) Power transformer steps down the voltage from 120 V (rms) at primary to VSat secondary. The turns ratio between the primary and secondary windings willdetermine the AC voltage transformation (e.g. VS = 1,2020-06-11 00:06:34,11,9390fbfc01d733461ffd302d0fef77d8c4ac36fb,False,False,https://www.coursehero.com/file/63434814/Lecture7pdf/,Lecture7.pdf,7,,Slides,,100000774037538,kmojabi
490139,3680314,Analog Electronics,171,EE,79306,812479,"Petersen,S.C.",0,"Petersen,S.C.",812479,395,https://www.coursehero.com/sitemap/schools/395-University-of-California-Santa-Cruz/courses/490139-EE171/,395,"University of California, Santa Cruz",3,Spring,1,2014,3680314,63434809,"Example:(a)(b)In (a), the diode is ""forward biased"" =&gt; the diode is ""ON"" and can be modeled bya short circuit.Using ideal diode model, the diode passes a 10 mA current with zero voltage drop.In (b), the diode is ""reverse biased"" =&gt; the diode is ""OF",2020-06-11 00:06:34,12,531a5c9366b2ce543953f2396ce623b704d76190,False,False,https://www.coursehero.com/file/63434809/Lecture6pdf/,Lecture6.pdf,2,,Slides,,100000774037538,kmojabi
490139,3680314,Analog Electronics,171,EE,79306,812479,"Petersen,S.C.",0,"Petersen,S.C.",812479,395,https://www.coursehero.com/sitemap/schools/395-University-of-California-Santa-Cruz/courses/490139-EE171/,395,"University of California, Santa Cruz",3,Spring,1,2014,3680314,63434780,"ECE 171 (Spring 2020)Analog ElectronicsLecture #1 (Course Introduction)Professor Austin ChenUniversity of California, Santa CruzDr. A. ChenECE 171Sammy?1Personal Info Austin Chen, Ph.D.- RF/Millimeter-Wave IC and System, Site Director,Peraso",2020-06-11 00:06:00,32,b98a0ed2f2a28f88ae6ca2c18f2554d685d67b82,False,False,https://www.coursehero.com/file/63434780/Lecture1-Spring2020pdf/,Lecture1_Spring2020.pdf,189,,Slides,,100000774037538,kmojabi
490139,3680314,Analog Electronics,171,EE,79306,812479,"Petersen,S.C.",0,"Petersen,S.C.",812479,395,https://www.coursehero.com/sitemap/schools/395-University-of-California-Santa-Cruz/courses/490139-EE171/,395,"University of California, Santa Cruz",3,Spring,1,2014,3680314,60761926,Homework #5 Solutions1) 4.42) 4.83) 4.374) 4.435) 4.516) 4.657)8) 4.67,2020-04-27 17:14:25,9,63f59e092d78296cef6bcb153e2eb5369ce53f1e,False,False,https://www.coursehero.com/file/60761926/HW5-solnpdf/,HW5_soln.pdf,6,,Assignment,,100000774037538,kmojabi
490139,3680314,Analog Electronics,171,EE,79306,812479,"Petersen,S.C.",0,"Petersen,S.C.",812479,395,https://www.coursehero.com/sitemap/schools/395-University-of-California-Santa-Cruz/courses/490139-EE171/,395,"University of California, Santa Cruz",3,Spring,1,2014,3680314,60761915,,2020-04-27 17:14:21,2,22540481bbb3e7c55eca942ecc2d5865b8d68e0a,False,False,https://www.coursehero.com/file/60761915/HW4-solnpdf/,HW4_soln.pdf,3,,Other,,100000774037538,kmojabi
490139,3680314,Analog Electronics,171,EE,79306,812479,"Petersen,S.C.",0,"Petersen,S.C.",812479,395,https://www.coursehero.com/sitemap/schools/395-University-of-California-Santa-Cruz/courses/490139-EE171/,395,"University of California, Santa Cruz",3,Spring,1,2014,3680314,60761302,"Homework #2Due on 4/14/2020Please be sure to follow the submission protocol as stated in HW #1.If you have questions, you can email me or see TA's during their office hours.I would strongly suggest you review your EE 101 materials and be comfort",2020-04-27 17:23:35,1,ca2769eaa8baacec981a170fb055f524e103c88c,False,False,https://www.coursehero.com/file/60761302/HW2pdf/,HW2.pdf,7,,Assignment,,100000774037538,kmojabi
490139,3680314,Analog Electronics,171,EE,79306,812479,"Petersen,S.C.",0,"Petersen,S.C.",812479,395,https://www.coursehero.com/sitemap/schools/395-University-of-California-Santa-Cruz/courses/490139-EE171/,395,"University of California, Santa Cruz",3,Spring,1,2014,3680314,60760361,Homework #3 Solutions5)6)7)8),2020-04-27 17:14:22,4,6cd120ccd7641b6eb29c87b552a71debfcc6cc5c,False,False,https://www.coursehero.com/file/60760361/HW3-solnpdf/,HW3_soln.pdf,5,,Other,,100000774037538,kmojabi
490139,3680314,Analog Electronics,171,EE,79306,812479,"Petersen,S.C.",0,"Petersen,S.C.",812479,395,https://www.coursehero.com/sitemap/schools/395-University-of-California-Santa-Cruz/courses/490139-EE171/,395,"University of California, Santa Cruz",3,Spring,1,2014,3680314,60739490,Homework #2 Solutions1) Define I as the mesh current going clockwise around the single loop. Then:2) Define the mesh currents I1 and I2 going clockwise around the left and right meshes respectively. Then:Question 3IXVAVB1008A5A50750VNODA,2020-04-27 17:14:21,18,790ddea6d7cc761116c057afad5dd3bd5ef933d9,True,False,https://www.coursehero.com/file/60739490/HW2-solnpdf/,HW2_soln.pdf,17,,Slides,,100000774037538,kmojabi
490139,9166890,analog,171,EE,79306,143043,,0,,143043,395,https://www.coursehero.com/sitemap/schools/395-University-of-California-Santa-Cruz/courses/490139-EE171/,395,"University of California, Santa Cruz",2,Winter,1,2017,9166890,33676990,,2018-09-28 11:26:48,26,beafc55cfac464ecff8f83f771c68fa199d2ae42,False,False,https://www.coursehero.com/file/33676990/BJT-2-Small-Signalpdf/,BJT_2__Small_Signal.pdf,10,notes,Other,Notes,100000780357638,feyne
490139,9166890,analog,171,EE,79306,143043,,0,,143043,395,https://www.coursehero.com/sitemap/schools/395-University-of-California-Santa-Cruz/courses/490139-EE171/,395,"University of California, Santa Cruz",2,Winter,1,2017,9166890,33676912,ETS 5 SQUAREETS 5 SQUAREETS 5 SQUARESHESHESHE A. MgAgw/rg .fa cfw_Sffifw WW71$?sz Wm .2569a Ara/I970gig/W mameW: 7M5) 3 @455 Amiga f/W/gxw 7 ww 5 Mfr-rV V i                 E w 'M ' Z 23/V15: Wig? fyggwrv Ww; mfg,2018-09-28 11:28:02,16,815428dcc8d083cb48ddb816deb8b8fd3e154806,False,False,https://www.coursehero.com/file/33676912/20-Op-Ampspdf/,[2.0] Op-Amps.pdf,53,notes,Other,Notes,100000780357638,feyne
490139,9166890,analog,171,EE,79306,143043,,0,,143043,395,https://www.coursehero.com/sitemap/schools/395-University-of-California-Santa-Cruz/courses/490139-EE171/,395,"University of California, Santa Cruz",2,Winter,1,2017,9166890,33676899,"""ViiiEtmxmmmn         5% HEE?""33% 5%EE?Ham; ,EWW WMgSMSF6?mm,Mmmmwmmwmmwmmmmmwwmimwmm. .IICF&amp;.7""33Table 5.1 SUMMARY OF THE CHARACTERISTICS OF FIELD-EFFECT TRANSISTORS   nChannel p- ChannelEnhancement Depiction Enhancement Depletion",2018-09-28 11:26:48,22,d45646ae5086c3ae97800f11ef16b0c64101685d,False,False,https://www.coursehero.com/file/33676899/FET-1-Introductionpdf/,FET_1__Introduction.pdf,3,notes,Other,Notes,100000780357638,feyne
490139,9166890,analog,171,EE,79306,143043,,0,,143043,395,https://www.coursehero.com/sitemap/schools/395-University-of-California-Santa-Cruz/courses/490139-EE171/,395,"University of California, Santa Cruz",2,Winter,1,2017,9166890,33676754,Scanned by CamScannerScanned by CamScannerScanned by CamScannerScanned by CamScannerScanned by CamScannerScanned by CamScannerScanned by CamScannerScanned by CamScannerScanned by CamScannerScanned by CamScannerScanned by CamScannerScanned by Ca,2018-09-28 11:30:06,12,aed039dd187901f956a5392d6f436834386840ae,False,False,https://www.coursehero.com/file/33676754/EE171lecture13handwrittennotespdf/,EE+171+lecture+13+handwritten+notes.pdf,3,lecture,Notes,Lecture Slides,100000780357638,feyne
490139,9166890,analog,171,EE,79306,143043,,0,,143043,395,https://www.coursehero.com/sitemap/schools/395-University-of-California-Santa-Cruz/courses/490139-EE171/,395,"University of California, Santa Cruz",2,Winter,1,2017,9166890,33676747,"Digital IC technologies and logic4ciicuit families  '1 Complementary Pseudo-NMOS Passtransistor Dynamic TIL .ECLCMQS &gt; , - logic logicFigure 13.16. Digital IC tech'nologiesand IOgic-circult families; 6.ANATIONAL   .W aWW\ #/ cfw_aft-J Uwwwmsm",2018-09-28 11:28:03,22,8fda255d541cce9e663ac7d2a47b06c0d6d578ad,False,False,https://www.coursehero.com/file/33676747/FET3-MOS-Logicrev1-0pdf/,FET(3)_MOS_Logic(rev1)_0.pdf,44,notes,Other,Notes,100000780357638,feyne
490139,9166890,analog,171,EE,79306,143043,,0,,143043,395,https://www.coursehero.com/sitemap/schools/395-University-of-California-Santa-Cruz/courses/490139-EE171/,395,"University of California, Santa Cruz",2,Winter,1,2017,9166890,33676745," 553 W55 55 55595;: 5 // W529: 4754536524355? 5:556:55"" 59WMwmwmmmmmw- ., umWwm 37%; ,2/555y5f55/K5'557 Z 525%;5555555 055 5555555755555 55WgM '2 a! $%5%wwggg%  55:55:53? iWW/VO/Zl, (7 33 @5555? 57? mkgguWMw cfw_Egg &gt;555555 vywwgmg 55555555 5555",2018-09-28 11:28:04,9,55498a2b06d1cd47c4f7d85e63b8ad15ecc477b0,False,False,https://www.coursehero.com/file/33676745/FET4-Cascoderev2pdf/,FET(4)_Cascode(rev2).pdf,5,notes,Notes,Notes,100000780357638,feyne
490139,9166890,analog,171,EE,79306,143043,,0,,143043,395,https://www.coursehero.com/sitemap/schools/395-University-of-California-Santa-Cruz/courses/490139-EE171/,395,"University of California, Santa Cruz",2,Winter,1,2017,9166890,33676739,,2018-09-28 11:26:46,10,73832e432c76245b0e3ede3d378ac3756be9a4b1,False,False,https://www.coursehero.com/file/33676739/BJT-3-Current-Mirrorspdf/,BJT_3__Current_Mirrors.pdf,11,notes,Other,Notes,100000780357638,feyne
490139,28297808,analog,171,EE,79306,143043,,0,,143043,395,https://www.coursehero.com/sitemap/schools/395-University-of-California-Santa-Cruz/courses/490139-EE171/,395,"University of California, Santa Cruz",3,Spring,1,2023,28297808,33676736,,2018-09-28 11:29:44,9,2b784bb847930879dbd4024a6900941518cc8a04,False,False,https://www.coursehero.com/file/33676736/May11EE171pdf/,May11EE171.pdf,4,lecture,Other,Lecture Slides,100000780357638,feyne
490139,9166890,analog,171,EE,79306,143043,,0,,143043,395,https://www.coursehero.com/sitemap/schools/395-University-of-California-Santa-Cruz/courses/490139-EE171/,395,"University of California, Santa Cruz",2,Winter,1,2017,9166890,33676729,,2018-09-28 11:27:55,9,1a3757dca86fcef6dfa4cf0745a861f504bd3777,False,False,https://www.coursehero.com/file/33676729/13-filters-notespdf/,[1.3] filters_notes.pdf,1,notes,Other,Notes,100000780357638,feyne
490139,9166890,analog,171,EE,79306,143043,,0,,143043,395,https://www.coursehero.com/sitemap/schools/395-University-of-California-Santa-Cruz/courses/490139-EE171/,395,"University of California, Santa Cruz",2,Winter,1,2017,9166890,33676722,Scanned by CamScannerScanned by CamScannerScanned by CamScannerScanned by CamScannerScanned by CamScannerScanned by CamScannerScanned by CamScannerScanned by CamScannerScanned by CamScanner,2018-09-28 11:29:57,9,f1937572425579583df7911d5c5779dfe01ce062,False,False,https://www.coursehero.com/file/33676722/EE171Lecture33hwnotespdf/,EE+171+Lecture+33+hw+notes.pdf,7,homework,Notes,Homework Help,100000780357638,feyne
490139,9166890,analog,171,EE,79306,143043,,0,,143043,395,https://www.coursehero.com/sitemap/schools/395-University-of-California-Santa-Cruz/courses/490139-EE171/,395,"University of California, Santa Cruz",2,Winter,1,2017,9166890,33676721,,2018-09-28 11:27:53,6,9cf2f97571d2e59b9beac7231343fdf8289348f7,False,False,https://www.coursehero.com/file/33676721/10-Phasors-6-pgspdf/,[1.0] Phasors (6 pgs).pdf,4,notes,Other,Notes,100000780357638,feyne
490139,9166890,analog,171,EE,79306,143043,,0,,143043,395,https://www.coursehero.com/sitemap/schools/395-University-of-California-Santa-Cruz/courses/490139-EE171/,395,"University of California, Santa Cruz",2,Winter,1,2017,9166890,33676719,,2018-09-28 11:29:51,15,df01724fa195d82e35cb10973e344ea3a509ffef,False,False,https://www.coursehero.com/file/33676719/May17EE171pdf/,May17EE171.pdf,2,lecture,Other,Lecture Slides,100000780357638,feyne
490139,9166890,analog,171,EE,79306,143043,,0,,143043,395,https://www.coursehero.com/sitemap/schools/395-University-of-California-Santa-Cruz/courses/490139-EE171/,395,"University of California, Santa Cruz",2,Winter,1,2017,9166890,33676718,"SO SHEETS22 I42 100 SHEETS22-144 200 SHEETS22-14]@ ' 1""."" V6; 2' -\/eg53451! ' 337 /4% ya 57+); ; A. .h ' ' I :ZaL [4% 4/ are/#35 726/,C.my 77:,  3:45:74,. - r! a . 3W 972:705% 5/ end a)! 2&amp;4: 4/! aft: *2; are. (4f may! ax7a/s. ~ . - 8X. 1/",2018-09-28 11:26:48,20,c8354801bebade12e6465c7a57690aec04fd6af6,False,False,https://www.coursehero.com/file/33676718/BJT-1-Introductionpdf/,BJT_1__Introduction.pdf,3,notes,Other,Notes,100000780357638,feyne
490139,9166890,analog,171,EE,79306,143043,,0,,143043,395,https://www.coursehero.com/sitemap/schools/395-University-of-California-Santa-Cruz/courses/490139-EE171/,395,"University of California, Santa Cruz",2,Winter,1,2017,9166890,33676717,,2018-09-28 11:26:49,29,5167bbdf0c5cf80b6969ea42d3f2012e8dc97233,False,False,https://www.coursehero.com/file/33676717/-30-Diodespdf/,_3.0_+Diodes.pdf,1,notes,Other,Notes,100000780357638,feyne
490139,9166890,analog,171,EE,79306,143043,,0,,143043,395,https://www.coursehero.com/sitemap/schools/395-University-of-California-Santa-Cruz/courses/490139-EE171/,395,"University of California, Santa Cruz",2,Winter,1,2017,9166890,33676714,,2018-09-28 11:28:04,15,a9b65bc62b97e96c357f1f4ca0f4b173a2723d79,False,False,https://www.coursehero.com/file/33676714/FET2-Small-Signalrev2pdf/,FET(2)_Small_Signal(rev2).pdf,15,notes,Other,Notes,100000780357638,feyne
490139,9166890,analog,171,EE,79306,143043,,0,,143043,395,https://www.coursehero.com/sitemap/schools/395-University-of-California-Santa-Cruz/courses/490139-EE171/,395,"University of California, Santa Cruz",2,Winter,1,2017,9166890,33676712,,2018-09-28 11:29:51,12,4f44c0fb4eea6cbb626874dbf072fd0890b0614d,False,False,https://www.coursehero.com/file/33676712/May19EE171pdf/,May19EE171.pdf,6,lecture,Other,Lecture Slides,100000780357638,feyne
490139,9166890,analog,171,EE,79306,143043,,0,,143043,395,https://www.coursehero.com/sitemap/schools/395-University-of-California-Santa-Cruz/courses/490139-EE171/,395,"University of California, Santa Cruz",2,Winter,1,2017,9166890,33676711,Scanned by CamScannerScanned by CamScannerScanned by CamScannerScanned by CamScannerScanned by CamScannerScanned by CamScannerScanned by CamScannerScanned by CamScannerScanned by CamScannerScanned by CamScannerScanned by CamScannerScanned by Ca,2018-09-28 11:30:05,15,3dfacb1d52f0791de27c05626b8cefe03a6ee598,False,False,https://www.coursehero.com/file/33676711/Lecture21-22hwnotespdf/,Lecture+21-22+hw+notes.pdf,7,homework,Notes,Homework Help,100000780357638,feyne
490139,9166890,analog,171,EE,79306,143043,,0,,143043,395,https://www.coursehero.com/sitemap/schools/395-University-of-California-Santa-Cruz/courses/490139-EE171/,395,"University of California, Santa Cruz",2,Winter,1,2017,9166890,33676710,,2018-09-28 11:29:52,11,6ae891625bff0e592cbf20c6c39d30945b1b19fa,False,False,https://www.coursehero.com/file/33676710/May29EE171pdf/,May29EE171.pdf,3,lecture,Other,Lecture Slides,100000780357638,feyne
490139,9166890,analog,171,EE,79306,143043,,0,,143043,395,https://www.coursehero.com/sitemap/schools/395-University-of-California-Santa-Cruz/courses/490139-EE171/,395,"University of California, Santa Cruz",2,Winter,1,2017,9166890,33676708,Scanned by CamScannerScanned by CamScannerScanned by CamScannerScanned by CamScannerScanned by CamScannerScanned by CamScannerScanned by CamScannerScanned by CamScannerScanned by CamScannerScanned by CamScannerScanned by CamScannerScanned by Ca,2018-09-28 11:30:07,15,6a4793251576d6fefe66872dd767063e5205e802,False,False,https://www.coursehero.com/file/33676708/EE171Lecture31-32hwnotespdf/,EE+171+Lecture+31+_+32+hw+notes.pdf,17,homework,Notes,Homework Help,100000780357638,feyne
490139,9166890,analog,171,EE,79306,143043,,0,,143043,395,https://www.coursehero.com/sitemap/schools/395-University-of-California-Santa-Cruz/courses/490139-EE171/,395,"University of California, Santa Cruz",2,Winter,1,2017,9166890,33676707,,2018-09-28 11:27:56,5,21f7f5602b7571f8b8a968717172d08b7cee7123,False,False,https://www.coursehero.com/file/33676707/11-dB-notespdf/,[1.1]_dB_notes.pdf,5,notes,Other,Notes,100000780357638,feyne
490139,9166890,analog,171,EE,79306,143043,,0,,143043,395,https://www.coursehero.com/sitemap/schools/395-University-of-California-Santa-Cruz/courses/490139-EE171/,395,"University of California, Santa Cruz",2,Winter,1,2017,9166890,33676706,,2018-09-28 12:34:27,14,20c090a2c77065a85d8c0f13d11994bd78bb9a0c,False,False,https://www.coursehero.com/file/33676706/Rolandi-EE171-Lecture-7-8-HWpdf/,Rolandi_EE171_Lecture_7_8_HW.pdf,9,lecture,Other,Lecture Slides,100000780357638,feyne
490139,9166890,analog,171,EE,79306,143043,,0,,143043,395,https://www.coursehero.com/sitemap/schools/395-University-of-California-Santa-Cruz/courses/490139-EE171/,395,"University of California, Santa Cruz",2,Winter,1,2017,9166890,33676704,,2018-09-28 11:30:28,20,a91bee70f3571f30899fd97beca8ee08c5a7568a,False,False,https://www.coursehero.com/file/33676704/EE171April27thLecturepdf/,EE+171+April+27th+Lecture.pdf,4,lecture,Other,Lecture Slides,100000780357638,feyne
490139,9166890,analog,171,EE,79306,143043,,0,,143043,395,https://www.coursehero.com/sitemap/schools/395-University-of-California-Santa-Cruz/courses/490139-EE171/,395,"University of California, Santa Cruz",2,Winter,1,2017,9166890,33676703,,2018-09-28 11:29:46,19,861bff688590a6f01bda47c713dab310cfd567fe,False,False,https://www.coursehero.com/file/33676703/May10EE171pdf/,May10EE171.pdf,3,,Other,,100000780357638,feyne
490139,9166890,analog,171,EE,79306,143043,,0,,143043,395,https://www.coursehero.com/sitemap/schools/395-University-of-California-Santa-Cruz/courses/490139-EE171/,395,"University of California, Santa Cruz",2,Winter,1,2017,9166890,33676702,,2018-09-28 11:29:45,16,6a74c506017aea9e7d8d69f1ea3d96fa8a95d365,False,False,https://www.coursehero.com/file/33676702/EE171Lec4apppdf/,EE171Lec4app.pdf,1,notes,Other,Notes,100000780357638,feyne
490139,9166890,analog,171,EE,79306,143043,,0,,143043,395,https://www.coursehero.com/sitemap/schools/395-University-of-California-Santa-Cruz/courses/490139-EE171/,395,"University of California, Santa Cruz",2,Winter,1,2017,9166890,33676701,,2018-09-28 11:30:07,11,0e0c73d76a4b8c2d2c216cbff410047b1ae73a19,False,False,https://www.coursehero.com/file/33676701/Rolandi-EE171-HandWrittenNotes2017Lecture-11-12pdf/,Rolandi_EE171_Hand+Written+Notes+2017+Lecture_11_12.pdf,5,lecture,Other,Lecture Slides,100000780357638,feyne
490139,9166890,analog,171,EE,79306,143043,,0,,143043,395,https://www.coursehero.com/sitemap/schools/395-University-of-California-Santa-Cruz/courses/490139-EE171/,395,"University of California, Santa Cruz",2,Winter,1,2017,9166890,33676698,,2018-09-28 12:32:58,7,4ea4229b640a8bd97a5abe2247e7e38f0a451f17,False,False,https://www.coursehero.com/file/33676698/tmp-24048-EE171Lecture17HandwrittenNotes850570484pdf/,tmp_24048-EE+171+Lecture+17+Handwritten+Notes+850570484.pdf,0,lecture,Other,Lecture Slides,100000780357638,feyne
490139,9166890,analog,171,EE,79306,143043,,0,,143043,395,https://www.coursehero.com/sitemap/schools/395-University-of-California-Santa-Cruz/courses/490139-EE171/,395,"University of California, Santa Cruz",2,Winter,1,2017,9166890,33676697,,2018-09-28 12:33:02,16,65be8b9e617ef58840c54feb1c504a74b5b1955c,False,False,https://www.coursehero.com/file/33676697/tmp-24711-EE171Lecture12-13HandwrittenNotes-1058943124pdf/,tmp_24711-EE+171+Lecture+12+-+13+Handwritten+Notes-1058943124.pdf,3,lecture,Other,Lecture Slides,100000780357638,feyne
490139,9166890,analog,171,EE,79306,143043,,0,,143043,395,https://www.coursehero.com/sitemap/schools/395-University-of-California-Santa-Cruz/courses/490139-EE171/,395,"University of California, Santa Cruz",2,Winter,1,2017,9166890,33676695,"APPENDIX cTWO~PORT NETWORK PARAMETERSintroductionAt various points throughout the text, we make use of some of the different possible ways tocharacterize linear two-port networks. A summary of this topic is presented in this appendix.C.l gharacteriza",2018-09-28 11:27:58,7,afe8ebb64a8d25dcdea1915888c3e7c34bacfa64,False,False,https://www.coursehero.com/file/33676695/12-2-Port-Parameters1pdf/,[1.2] 2-Port Parameters(1).pdf,8,notes,Notes,Notes,100000780357638,feyne
490139,9166890,analog,171,EE,79306,143043,,0,,143043,395,https://www.coursehero.com/sitemap/schools/395-University-of-California-Santa-Cruz/courses/490139-EE171/,395,"University of California, Santa Cruz",2,Winter,1,2017,9166890,33654506,EE 171Lecture 33Marco RolandiUCSC-EE2016Chapter 10 DifferentialAmplifiers 10.1 General Considerations 10.2 Bipolar Differential Pair Only Qualitative2Audio Amplifier Example An audio amplifier is constructed above that takes ona rectified AC ,2018-09-28 12:32:57,19,c3b2d47e40d8de0214d7527e4794cc201cd0e768,False,False,https://www.coursehero.com/file/33654506/Rolandi-EE171-Lecture-33pdf/,Rolandi_EE171_Lecture_33.pdf,2,notes,Slides,Notes,100000780357638,feyne
490139,3680314,Analog Electronics,171,EE,79306,812479,"Petersen,S.C.",0,"Petersen,S.C.",812479,395,https://www.coursehero.com/sitemap/schools/395-University-of-California-Santa-Cruz/courses/490139-EE171/,395,"University of California, Santa Cruz",3,Spring,1,2014,3680314,31003645,,2018-05-15 22:46:44,13,0491727180d31c4a78d4c50ba10918b824225341,False,False,https://www.coursehero.com/file/31003645/EE171-HW4pdf/,EE171_HW4.pdf,3,,Other,,100000777021229,korourk
490139,3680312,Analog Electronics,171,EE,79306,812477,"Laws,K.E.",0,"Laws,K.E.",812477,395,https://www.coursehero.com/sitemap/schools/395-University-of-California-Santa-Cruz/courses/490139-EE171/,395,"University of California, Santa Cruz",3,Spring,1,2014,3680312,25884986,,2017-10-18 19:09:20,18,efd3bf6d929ad53ba4df3f1ca94c451b9ac94571,False,False,https://www.coursehero.com/file/25884986/EE171-2016-Midterm-solutionspdf/,EE171_2016_Midterm_solutions.pdf,57,test_prep,Other,Test prep,100000752825299,JavierE6
490139,3680312,Analog Electronics,171,EE,79306,812477,"Laws,K.E.",0,"Laws,K.E.",812477,395,https://www.coursehero.com/sitemap/schools/395-University-of-California-Santa-Cruz/courses/490139-EE171/,395,"University of California, Santa Cruz",3,Spring,1,2014,3680312,25884808,"EE- 171 Final (Spring '2016)P. 1/18EE-171 Final (June 7th, 2016)3 hrs exam (Closed Book/No notes)Name:_ # _A. Short Questions (40 points- 4 points each)B. Long Questions- You must choose 2 out of 3.You may attempt all 3 questions, but we will grade",2017-10-18 19:09:30,18,0e075480fe1c02d3326db3a68e6883e30de8b346,False,False,https://www.coursehero.com/file/25884808/EE171-2016-FINALpdf/,EE171_2016_FINAL.pdf,69,test_prep,Test,Test prep,100000752825299,JavierE6
490139,3680312,Analog Electronics,171,EE,79306,812477,"Laws,K.E.",0,"Laws,K.E.",812477,395,https://www.coursehero.com/sitemap/schools/395-University-of-California-Santa-Cruz/courses/490139-EE171/,395,"University of California, Santa Cruz",3,Spring,1,2014,3680312,25884800,"EE- 171 Midterm (Spring '2016)P. 1/18EE-171 Midterm (May 5th, 2016)1 hr 45 minutes exam (Closed Book/No notes)Name:_ # _A. Short Questions (40 points- 4 points each)B. Long Questions- You must choose 2 out of 3.You may attempt all 3 questions, but ",2017-10-18 19:09:09,18,aaadd1acab20e65b1a934df2c0c2032e3c25b693,False,False,https://www.coursehero.com/file/25884800/EE171-2016-Midtermpdf/,EE171_2016_Midterm.pdf,49,test_prep,Test,Test prep,100000752825299,JavierE6
490139,7268314,,171,EE,79306,1629005,Rolandi ,0,Rolandi ,1629005,395,https://www.coursehero.com/sitemap/schools/395-University-of-California-Santa-Cruz/courses/490139-EE171/,395,"University of California, Santa Cruz",3,Spring,1,2017,7268314,25094621,"EE 171Lecture 3Marco RolandiUCSC-EE2016Reading Materials Chapter 3.3- 3.6Input/Output Characteristics with aConstant-Voltage Model When using a constant-voltage model, the voltagedrop across the diode is no longer zero but Vd,onwhen it conducts",2017-09-18 14:25:33,42,def72fb35bfac5f75d781628ba303e7286ad34a7,True,False,https://www.coursehero.com/file/25094621/Rolandi-EE171-Lecture-3-4pdf/,Rolandi_EE171_Lecture_3_4.pdf,7,notes,Slides,Notes,100000768954914,pandix
490139,7268314,,171,EE,79306,1629005,Rolandi ,0,Rolandi ,1629005,395,https://www.coursehero.com/sitemap/schools/395-University-of-California-Santa-Cruz/courses/490139-EE171/,395,"University of California, Santa Cruz",3,Spring,1,2017,7268314,25094616,"EE 171Lecture 2Marco RolandiUCSC-EE2016Reading Materials Chapter 3Diode in Different Bias Conditions When the N-type region of a diode is at a lowerpotential than the P-type region, the diode is inforward bias. The depletion width is shortened ",2017-09-18 14:26:53,75,18e91e8f4b31884b0f9bcbc1a14df2d67321cb5f,True,False,https://www.coursehero.com/file/25094616/Rolandi-EE171-Lecture-2pdf/,Rolandi_EE171_Lecture_2.pdf,7,notes,Slides,Notes,100000768954914,pandix
490139,7268314,,171,EE,79306,1629005,Rolandi ,0,Rolandi ,1629005,395,https://www.coursehero.com/sitemap/schools/395-University-of-California-Santa-Cruz/courses/490139-EE171/,395,"University of California, Santa Cruz",3,Spring,1,2017,7268314,25094615,"EE 171Lecture 17Marco RolandiUCSC-EE2016Reading Materials Chapter 6.3-6.4Parabolic ID-VDS RelationshipQd = WCox(VGS VTH )Qd ( x) = WCox(VGS VTH V ( x) By keeping VG constant and varying VDS, we obtain aparabolic relationship. The maximum curre",2017-09-18 14:26:55,24,19236a9879b6d917a85e706098d6112901c031fb,False,False,https://www.coursehero.com/file/25094615/Rolandi-EE171-Lecture-17-18pdf/,Rolandi_EE171_Lecture_17_18.pdf,4,notes,Slides,Notes,100000768954914,pandix
490139,7268314,,171,EE,79306,1629005,Rolandi ,0,Rolandi ,1629005,395,https://www.coursehero.com/sitemap/schools/395-University-of-California-Santa-Cruz/courses/490139-EE171/,395,"University of California, Santa Cruz",3,Spring,1,2017,7268314,25094612,"EE 171Lecture 9Marco RolandiUCSC-EE2016Reading Materials Chapter 5.2Improved Biasing: ResistiveDividerR2VX ;VCCR1 + R2R2 VCCI C = I S exp()R1 + R2 VT Using resistor divider to set VBE, it is possible toproduce an IC that is relatively in",2017-09-18 14:25:18,31,cdc609a0310ef2aad37ddfede4d68436d0370ecc,False,False,https://www.coursehero.com/file/25094612/Rolandi-EE171-Lecture-9-10pdf/,Rolandi_EE171_Lecture_9_10.pdf,1,notes,Slides,Notes,100000768954914,pandix
490139,7268314,,171,EE,79306,1629005,Rolandi ,0,Rolandi ,1629005,395,https://www.coursehero.com/sitemap/schools/395-University-of-California-Santa-Cruz/courses/490139-EE171/,395,"University of California, Santa Cruz",3,Spring,1,2017,7268314,25094611,"EE 171Lecture 7Marco RolandiUCSC-EE2016Reading Materials Chapter 5.1-5.3Voltage-Dependent Current SourceVoutAV == KRLVin A voltage-dependent current source can act as anamplifier. If KRL is greater than 1, then the signal is amplified.3Bip",2017-09-18 14:25:44,38,f5c029fc4cfac7e14c80a7c69822ffafa4e5c4e3,True,False,https://www.coursehero.com/file/25094611/Rolandi-EE171-Lecture-7-8pdf/,Rolandi_EE171_Lecture_7_8.pdf,3,notes,Slides,Notes,100000768954914,pandix
490139,7268314,,171,EE,79306,1629005,Rolandi ,0,Rolandi ,1629005,395,https://www.coursehero.com/sitemap/schools/395-University-of-California-Santa-Cruz/courses/490139-EE171/,395,"University of California, Santa Cruz",3,Spring,1,2017,7268314,25094607,"EE 171Lecture 29-30Marco RolandiUCSC-EE2016Example: Voltage GainAv = g m1rO12Comparison between BipolarCascode and CE Stage Since the output impedance of bipolar cascode ishigher than that of the CE stage, we would expect itsvoltage gain to be",2017-09-18 14:28:32,29,b36f56f3336300023a31b2003693885d5065c708,False,False,https://www.coursehero.com/file/25094607/Rolandi-EE171-Lecture-31-32pdf/,Rolandi_EE171_Lecture_31-32.pdf,2,notes,Slides,Notes,100000768954914,pandix
490139,7268314,,171,EE,79306,1629005,Rolandi ,0,Rolandi ,1629005,395,https://www.coursehero.com/sitemap/schools/395-University-of-California-Santa-Cruz/courses/490139-EE171/,395,"University of California, Santa Cruz",3,Spring,1,2017,7268314,25094605,"EE 171Lecture 21Marco RolandiUCSC-EE2016 Reading Materials 7.1Large-Signal ModelsSaturationTriodeDeep Triode Based on the value of VDS, MOSFET can berepresented with different large-signal models. ForVgs&lt;Vth the transistor is an open circuit, ",2017-09-18 14:27:50,29,dcac40314c908728c047e9ea25014df908badfb5,True,False,https://www.coursehero.com/file/25094605/Rolandi-EE171-Lecture-21-22pdf/,Rolandi_EE171_Lecture_21-22.pdf,3,notes,Slides,Notes,100000768954914,pandix
490139,7268314,,171,EE,79306,1629005,Rolandi ,0,Rolandi ,1629005,395,https://www.coursehero.com/sitemap/schools/395-University-of-California-Santa-Cruz/courses/490139-EE171/,395,"University of California, Santa Cruz",3,Spring,1,2017,7268314,25094603,"EE 171Lecture 25-26Marco RolandiUCSC-EE2016 Reading Materials 8.1-8.2A Bit of History Developed toward the beginningof WWII, Vacuum tube ampdeveloped by George Philbrick Used for summing, multiplying,integrating differentiating signals(Operati",2017-09-18 14:28:16,26,00e12a28c5fa014da3b13513694c5194150e8137,True,False,https://www.coursehero.com/file/25094603/Rolandi-EE171-Lecture-25-26pdf/,Rolandi_EE171_Lecture_25-26.pdf,2,notes,Slides,Notes,100000768954914,pandix
490139,7268314,,171,EE,79306,1629005,Rolandi ,0,Rolandi ,1629005,395,https://www.coursehero.com/sitemap/schools/395-University-of-California-Santa-Cruz/courses/490139-EE171/,395,"University of California, Santa Cruz",3,Spring,1,2017,7268314,25094600,EE 171Lecture 15Marco RolandiUCSC-EE2016Reading Materials Chapter 6.1-6-2Structure and Symbol of MOSFETJ= n e ECan we control n with V?Voltage controlled current sourceFixed metal ionsxMetal(a)V+QEC-QMetalMobile electronsCharge densi,2017-09-18 14:26:51,24,9142a3f86eeb1e44f34dd2895931ed84dbe947e5,False,False,https://www.coursehero.com/file/25094600/Rolandi-EE171-Lecture-15-16pdf/,Rolandi_EE171_Lecture_15_16..pdf,3,notes,Slides,Notes,100000768954914,pandix
490139,3680314,Analog Electronics,171,EE,79306,812479,"Petersen,S.C.",0,"Petersen,S.C.",812479,395,https://www.coursehero.com/sitemap/schools/395-University-of-California-Santa-Cruz/courses/490139-EE171/,395,"University of California, Santa Cruz",3,Spring,1,2014,3680314,15063732,,2016-07-26 21:31:53,28,3ff53c3f6aac3edc47553abbc1b018295a61deaf,False,False,https://www.coursehero.com/file/15063732/S-Franco-Design-With-OpAmps-sol9/,S-Franco-Design-With-OpAmps_sol9,13,homework,Other,Homework Help,100000755704207,spacejam760
490139,3680314,Analog Electronics,171,EE,79306,812479,"Petersen,S.C.",0,"Petersen,S.C.",812479,395,https://www.coursehero.com/sitemap/schools/395-University-of-California-Santa-Cruz/courses/490139-EE171/,395,"University of California, Santa Cruz",3,Spring,1,2014,3680314,15063731,"(13 k4: g/w; km) KO: erKSXl06= m0"";Kv= (57.0"" mm? 1: 5340"" 5"".com: mo"" mus. Um}! qs. (13%),(up: waft/Kv :. @lo"")Z/(6'x\o'7)3l-7L Wad/S2&gt;m00= 1/:ch ' tr ' l3 : I/ZQ= 1/(Zx0.7=1 =- ITIO (e'tgxgxl) Ie: mar/(2:41.23 =7 we, ""it2:10"" =:s,w saw/5",2016-07-26 21:31:53,6,a0ff9040be90f6971768c86290fd47cdf0648107,False,False,https://www.coursehero.com/file/15063731/S-Franco-Design-With-OpAmps-sol10/,S-Franco-Design-With-OpAmps_sol10,10,homework,Other,Homework Help,100000755704207,spacejam760
490139,3680314,Analog Electronics,171,EE,79306,812479,"Petersen,S.C.",0,"Petersen,S.C.",812479,395,https://www.coursehero.com/sitemap/schools/395-University-of-California-Santa-Cruz/courses/490139-EE171/,395,"University of California, Santa Cruz",3,Spring,1,2014,3680314,15063725,,2016-07-26 21:31:51,56,13751d0e1ee6e00dfc3db000afd5288770cc801a,False,False,https://www.coursehero.com/file/15063725/S-Franco-Design-With-OpAmps-sol4/,S-Franco-Design-With-OpAmps_sol4,7,homework,Other,Homework Help,100000755704207,spacejam760
490139,3680314,Analog Electronics,171,EE,79306,812479,"Petersen,S.C.",0,"Petersen,S.C.",812479,395,https://www.coursehero.com/sitemap/schools/395-University-of-California-Santa-Cruz/courses/490139-EE171/,395,"University of California, Santa Cruz",3,Spring,1,2014,3680314,14540896,EE171 Analog ElectronicsLecture 14MOS TransistorAmplifiersCS Stage with DiodeConnected PMOS DeviceRin = Rout11=| ro1 | ro 2 g m1g m1 1Av = g m 2 | ro1 | ro 2  g m1 Note that PMOS circuit symbol is usually drawn withthe source on top of t,2016-06-05 23:41:10,27,de4bdaa08e50fc9fd00e43ee0b75626a92478d09,False,False,https://www.coursehero.com/file/14540896/Lecture14-MOSTransistorAmplifiers-2014/,Lecture14-MOS+Transistor+Amplifiers-2014,17,notes,Slides,Notes,100000758001647,esguerre
490139,3680314,Analog Electronics,171,EE,79306,812479,"Petersen,S.C.",0,"Petersen,S.C.",812479,395,https://www.coursehero.com/sitemap/schools/395-University-of-California-Santa-Cruz/courses/490139-EE171/,395,"University of California, Santa Cruz",3,Spring,1,2014,3680314,14540894,"EE171 Analog ElectronicsLecture 19Power Amplifiersand OutputStagesExample: Frequency Response ofCascodeR S = 200 C GS = 250 fFFollowerC GD = 80 fFC DB = 100 fFg m = (150 )1 =0RL = 2 K p , X = 2 (1.95GHz )CG p ,Y = 2 (1.73GHz ) p ,out = ",2016-06-05 23:41:06,28,ad5886d38bd1dc0bae90399fb21fc601012ce843,True,False,https://www.coursehero.com/file/14540894/Lecture19-OutputStagesandPowerAmplifiers/,Lecture19-Output+Stages+and+Power+Amplifiers,29,notes,Slides,Notes,100000758001647,esguerre
490139,3680314,Analog Electronics,171,EE,79306,812479,"Petersen,S.C.",0,"Petersen,S.C.",812479,395,https://www.coursehero.com/sitemap/schools/395-University-of-California-Santa-Cruz/courses/490139-EE171/,395,"University of California, Santa Cruz",3,Spring,1,2014,3680314,14540888,"EE171 Analog ElectronicsLecture 18FrequencyResponse IIGate Oxide Capacitance Partitionand Full Model The gate oxide capacitance is often partitionedbetween source and drain. In saturation, C2 ~ Cgate,and C1 ~ 0. They are in parallel with the overl",2016-06-05 23:41:08,44,43f6e151cdd6233d379941dc10131624a06d5e48,True,False,https://www.coursehero.com/file/14540888/Lecture18-FrequencyResponse/,Lecture18-Frequency+Response,12,notes,Slides,Notes,100000758001647,esguerre
490139,3680314,Analog Electronics,171,EE,79306,812479,"Petersen,S.C.",0,"Petersen,S.C.",812479,395,https://www.coursehero.com/sitemap/schools/395-University-of-California-Santa-Cruz/courses/490139-EE171/,395,"University of California, Santa Cruz",3,Spring,1,2014,3680314,14540883,EE171 Analog ElectronicsLecture 20Power Amplifiersand OutputStagesOutput Stages2Small-Signal AnalysisRN = r + ( + 1) RL= r 1 | r 2 + ( ( g m1 + g m 2 )( r 1 | r 2 ) + 1) RL ( g m1 + g m 2 )( r 1 | r 2 ) RLvN= g m 4 ( g m1 + g m 2 )( r 1 | r 2 ,2016-06-05 23:41:14,51,779728d107872be8f3be4eef4ee15ed2dd9f1805,False,False,https://www.coursehero.com/file/14540883/Lecture20-OutputStagesandPowerAmplifiers/,Lecture20-Output+Stages+and+Power+Amplifiers,4,notes,Slides,Notes,100000758001647,esguerre
490139,3680314,Analog Electronics,171,EE,79306,812479,"Petersen,S.C.",0,"Petersen,S.C.",812479,395,https://www.coursehero.com/sitemap/schools/395-University-of-California-Santa-Cruz/courses/490139-EE171/,395,"University of California, Santa Cruz",3,Spring,1,2014,3680314,14540878,"Lecture 16Differential AmplifiersAudio Amplifier Example An audio amplifier is constructed above that takes ona rectified AC voltage as its supply and amplifies anaudio signal from a microphone.2Humming Noise in AudioAmplifier Example However, VC",2016-06-05 23:41:08,40,c075beae76eec994d486c2723ef0d4c164b09737,False,False,https://www.coursehero.com/file/14540878/Lecture16-DifferentialAmplifiers/,Lecture16-DifferentialAmplifiers,7,notes,Slides,Notes,100000758001647,esguerre
490139,3680314,Analog Electronics,171,EE,79306,812479,"Petersen,S.C.",0,"Petersen,S.C.",812479,395,https://www.coursehero.com/sitemap/schools/395-University-of-California-Santa-Cruz/courses/490139-EE171/,395,"University of California, Santa Cruz",3,Spring,1,2014,3680314,14540874,EE171 Analog ElectronicsLecture 13MOS TransistorAmplifiersDifferent Regions of Operation1W=ID nCox [(VGS VTH )VDS VDS 2 ]2L2I/V Characteristics (cont.)WCox[VGS VTH V ( x)]vID =Given v = E and E(x) = dV (x)dxdV(x)ID = WCox[VGS V (x) VTH ,2016-06-05 23:41:10,22,a21f2f3aeaefa8e87ea98156aa0bb4a5c837b5cc,False,False,https://www.coursehero.com/file/14540874/Lecture13-MOSTransistorAmplifiers-2015/,Lecture13-MOS+Transistor+Amplifiers-2015,8,notes,Slides,Notes,100000758001647,esguerre
490139,5219193,Analog Electronics,171,EE,79306,143043,,0,,143043,395,https://www.coursehero.com/sitemap/schools/395-University-of-California-Santa-Cruz/courses/490139-EE171/,395,"University of California, Santa Cruz",3,Spring,1,2015,5219193,14123997,"University of California at Santa CruzBaskin School of EngineeringEE-l71l Analog Elettr*nicr.MidtermKen PedrottiName:please be sure to show all work, keep it neat and readable, if I can't find your answer or follow yourderivation I can't give cre",2016-04-25 18:14:37,8,efea3195719efe2d32cd804bb1919eea7bf1722f,True,False,https://www.coursehero.com/file/14123997/MidtermSolutionEE171Sp-2015/,Midterm+Solution+EE171+Sp-2015,201,test_prep,Notes,Test prep,100000758502580,dmdoran1
490139,4823075,Analog Electronics,171,EE,79306,227384,KENPEDROTTI,0,KENPEDROTTI,227384,395,https://www.coursehero.com/sitemap/schools/395-University-of-California-Santa-Cruz/courses/490139-EE171/,395,"University of California, Santa Cruz",3,Spring,1,2014,4823075,12882568,EE171 Analog ElectronicsLecture 6Bipolar TransistorPhysics andSmall SignalModelReal Diode Data Sheet2More Data Sheet3Limiting Circuit Using a Diode:Positive and Negative CycleClippingCH3Diode Circuits4Bipolar Transistor5Voltage-Dependent,2015-12-06 00:51:15,58,e8bb4f12422664a033401e562aee02728e7ed1bf,True,False,https://www.coursehero.com/file/12882568/EE171-Lecture6/,EE171 Lecture6,11,notes,Slides,Notes,100000758050860,ebohrisc
490139,4823075,Analog Electronics,171,EE,79306,227384,KENPEDROTTI,0,KENPEDROTTI,227384,395,https://www.coursehero.com/sitemap/schools/395-University-of-California-Santa-Cruz/courses/490139-EE171/,395,"University of California, Santa Cruz",3,Spring,1,2014,4823075,12882567,EE171 Analog ElectronicsLecture 10Bipolar TransistorAmplifiersPeak Detector Solution2Common-Emitter SummaryAv = g m RC | roHighest gain you can getis called the intrinsic gainAv = g m rORin = rRout = RC | ro3Degenerated Common EmitterSummar,2015-12-06 00:51:15,31,f646bff7cb443188ce573609aa00a2b0a38ee8a1,True,False,https://www.coursehero.com/file/12882567/EE171-Lecture10/,EE171 Lecture10,4,notes,Slides,Notes,100000758050860,ebohrisc
490139,4823075,Analog Electronics,171,EE,79306,227384,KENPEDROTTI,0,KENPEDROTTI,227384,395,https://www.coursehero.com/sitemap/schools/395-University-of-California-Santa-Cruz/courses/490139-EE171/,395,"University of California, Santa Cruz",3,Spring,1,2014,4823075,12882566,EE171 Analog ElectronicsLecture 9Bipolar TransistorAmplifiersCommon-Emitter SummaryAv = g m RC | roHighest gain you can getis called the intrinsic gainAv = g m rORin = rRout = RC | ro2Limitation on CE Voltage GainAv = gm RCICRCAv =VTVRCA,2015-12-06 00:51:14,36,8046fe63bec72efbd49d8430b952df54950ad54c,True,False,https://www.coursehero.com/file/12882566/EE171-Lecture9/,EE171 Lecture9,9,notes,Slides,Notes,100000758050860,ebohrisc
490139,4823075,Analog Electronics,171,EE,79306,227384,KENPEDROTTI,0,KENPEDROTTI,227384,395,https://www.coursehero.com/sitemap/schools/395-University-of-California-Santa-Cruz/courses/490139-EE171/,395,"University of California, Santa Cruz",3,Spring,1,2014,4823075,12882565,EE171 Analog ElectronicsLecture 8Bipolar TransistorAmplifiersSummary of Biasing Techniques2PNP Biasing Techniques Same principles that apply to NPN biasing also applyto PNP biasing with only polarity modifications.3Possible Bipolar Amplifier Top,2015-12-06 00:51:14,24,c73d3651a969813ab2c9b923a7d56c1af63fa577,False,False,https://www.coursehero.com/file/12882565/EE171-Lecture8/,EE171 Lecture8,5,notes,Slides,Notes,100000758050860,ebohrisc
490139,4823075,Analog Electronics,171,EE,79306,227384,KENPEDROTTI,0,KENPEDROTTI,227384,395,https://www.coursehero.com/sitemap/schools/395-University-of-California-Santa-Cruz/courses/490139-EE171/,395,"University of California, Santa Cruz",3,Spring,1,2014,4823075,12882564,"EE171 Analog ElectronicsLecture 5Diode CircuitsReverse BreakdownZener orAvalancheDiode symbol,these arediodes speciallydesigned tooperate inreversebreakdown When a large reverse bias voltage is applied,breakdown occurs and an enormous curren",2015-12-06 00:51:13,46,438b4c1fc2a503bce6d4371ba01b2b06a2ad569b,True,False,https://www.coursehero.com/file/12882564/EE171-Lecture5/,EE171 Lecture5,10,notes,Slides,Notes,100000758050860,ebohrisc
490139,4823075,Analog Electronics,171,EE,79306,227384,KENPEDROTTI,0,KENPEDROTTI,227384,395,https://www.coursehero.com/sitemap/schools/395-University-of-California-Santa-Cruz/courses/490139-EE171/,395,"University of California, Santa Cruz",3,Spring,1,2014,4823075,12882563,"EE171 Analog ElectronicsLecture 7Bipolar TransistorAmplifiersBipolar Transistor2Bipolar Amplifiers3Voltage Amplifier In an ideal voltage amplifier, the input impedance isinfinite and the output impedance zero. But in reality, input or output im",2015-12-06 00:51:12,24,fb2a25c7ff086d51926c24647afd7c1969d4a760,True,False,https://www.coursehero.com/file/12882563/EE171-Lecture7/,EE171 Lecture7,1,notes,Slides,Notes,100000758050860,ebohrisc
490139,4823075,Analog Electronics,171,EE,79306,227384,KENPEDROTTI,0,KENPEDROTTI,227384,395,https://www.coursehero.com/sitemap/schools/395-University-of-California-Santa-Cruz/courses/490139-EE171/,395,"University of California, Santa Cruz",3,Spring,1,2014,4823075,12882562,EE171 Analog ElectronicsLecture 4SemiconductorDiode DevicePhysicsBasic Physics ofSemiconductors Semiconductormaterials and theirproperties PN-junction diodes Reverse Breakdown2Semiconductor Physics Semiconductor devices serve as heart ofmic,2015-12-06 00:51:11,47,a142d1707c40dcdb93ab245c02ead1946b00d3de,False,False,https://www.coursehero.com/file/12882562/EE171-Lecture4/,EE171 Lecture4,9,notes,Slides,Notes,100000758050860,ebohrisc
490139,4823075,Analog Electronics,171,EE,79306,227384,KENPEDROTTI,0,KENPEDROTTI,227384,395,https://www.coursehero.com/sitemap/schools/395-University-of-California-Santa-Cruz/courses/490139-EE171/,395,"University of California, Santa Cruz",3,Spring,1,2014,4823075,12882561,"EE171 Analog ElectronicsLecture 3Op-AmpImperfectionsOp Amp Imperfections Non-idealities in the Linear range of operation Finite Gain Finite Input impedance Non-zero output impedance Frequency response limit, output cannotchange inifinitely fast",2015-12-06 00:51:11,26,1358e3e1183ffd3599b96647ee5ae0999f14c6af,False,False,https://www.coursehero.com/file/12882561/EE171-Lecture3/,EE171 Lecture3,8,notes,Slides,Notes,100000758050860,ebohrisc
490139,4492343,Analog Electronics,171,EE,79306,812479,"Petersen,S.C.",0,"Petersen,S.C.",812479,395,https://www.coursehero.com/sitemap/schools/395-University-of-California-Santa-Cruz/courses/490139-EE171/,395,"University of California, Santa Cruz",2,Winter,1,2015,4492343,11387218,"Phase locked loop fundamentals The basic form of a phase locked loop (PLL) consists of a voltage controlled oscillator (VCO), a phase detector (PD), and a filter. In its more general form (Figure 1), the PLL may also contain a mixer and a digital divider.",2015-05-09 02:20:22,14,2b4c9854ab3d237cdf8d011c966395ba65023b0c,False,False,https://www.coursehero.com/file/11387218/Mini-Circuits/,Mini-Circuits,14,notes,Notes,Notes,100000755764689,jerryku1996
490139,4492343,Analog Electronics,171,EE,79306,812479,"Petersen,S.C.",0,"Petersen,S.C.",812479,395,https://www.coursehero.com/sitemap/schools/395-University-of-California-Santa-Cruz/courses/490139-EE171/,395,"University of California, Santa Cruz",2,Winter,1,2015,4492343,11387216,"2N38192N3819N-Channel RF Amplifier This device is designed for RF amplifier and mixer applicationsoperating up to 450MHz, and for analog switching requiring lowcapacitance. Sourced from process 50.TO-9211. Drain 2. Gate 3. SourceEpitaxial Silico",2015-05-09 02:20:23,4,6fda055272d5e07782f5df42a6783cdff6d99341,False,False,https://www.coursehero.com/file/11387216/N-Channel-RF-Amplifier/,N-Channel RF Amplifier,22,notes,Notes,Notes,100000755764689,jerryku1996
490139,4492343,Analog Electronics,171,EE,79306,812479,"Petersen,S.C.",0,"Petersen,S.C.",812479,395,https://www.coursehero.com/sitemap/schools/395-University-of-California-Santa-Cruz/courses/490139-EE171/,395,"University of California, Santa Cruz",2,Winter,1,2015,4492343,11387215,2N3819w w w. c e n t r a l s e m i . c o mSILICONN-CHANNEL JFETThe CENTRAL SEMICONDUCTOR 2N3819 is a siliconN-Channel JFET designed for RF amplifier and mixerapplications.MARKING: FULL PART NUMBERTO-92 CASEMAXIMUM RATINGS: (TA=25C)Drain-Gate Vol,2015-05-09 02:20:27,3,1d71d64303a0b8e4a53c5b90029281f6962db573,False,False,https://www.coursehero.com/file/11387215/N-Channel-JFET/,N-Channel JFET,18,notes,Other,Notes,100000755764689,jerryku1996
490139,4492343,Analog Electronics,171,EE,79306,812479,"Petersen,S.C.",0,"Petersen,S.C.",812479,395,https://www.coursehero.com/sitemap/schools/395-University-of-California-Santa-Cruz/courses/490139-EE171/,395,"University of California, Santa Cruz",2,Winter,1,2015,4492343,11387214,CTS ReevesFREQUENCY PRODUCTSStandard Crystals MP SeriesCRYSTALSFeatures: Frequency Range: 1-48 MHz Thru Hole or Surface Mount Standard Frequencies Stocked by CTS Distributors Rugged Resistance Weld Seal Low Cost: AT-Cut Resonators Non-Standard Freque,2015-05-09 02:20:28,2,1b4d381945eaa82116377c7e9f7f16fe105f2e4b,False,False,https://www.coursehero.com/file/11387214/Standard-Crystals-MP-Series/,Standard Crystals MP Series,21,notes,Other,Notes,100000755764689,jerryku1996
490139,4492343,Analog Electronics,171,EE,79306,812479,"Petersen,S.C.",0,"Petersen,S.C.",812479,395,https://www.coursehero.com/sitemap/schools/395-University-of-California-Santa-Cruz/courses/490139-EE171/,395,"University of California, Santa Cruz",2,Winter,1,2015,4492343,11387213,J201 - J202 / MMBFJ201 - MMBFJ203N-Channel General Purpose Amplifier This device is designed primarily for low level audio and general purpose applications with high impedance signal sources. Sourced from Process 52.TO-92SOT-2332MarkingJ201J202,2015-05-09 02:20:26,8,f4c098375ce1c5346c54a05a84f5eb740a989549,False,False,https://www.coursehero.com/file/11387213/N-Channel-General-Purpose-Amplifier/,N-Channel General Purpose Amplifier,25,notes,Notes,Notes,100000755764689,jerryku1996
490139,4492343,Analog Electronics,171,EE,79306,812479,"Petersen,S.C.",0,"Petersen,S.C.",812479,395,https://www.coursehero.com/sitemap/schools/395-University-of-California-Santa-Cruz/courses/490139-EE171/,395,"University of California, Santa Cruz",2,Winter,1,2015,4492343,11387212,"145 Adams Avenue, Hauppauge, NY 11788 USATel: (631) 435-1110 Fax: (631) 435-1824This datasheet has been download from:www.datasheetcatalog.comDatasheets for electronics components.",2015-05-09 02:20:25,2,83d67abf1845314c052226303d25059a3fd7a570,False,False,https://www.coursehero.com/file/11387212/Silicon-N-Channel-Junction-FETs/,Silicon N-Channel Junction FETs,3,notes,Other,Notes,100000755764689,jerryku1996
490139,4492343,Analog Electronics,171,EE,79306,812479,"Petersen,S.C.",0,"Petersen,S.C.",812479,395,https://www.coursehero.com/sitemap/schools/395-University-of-California-Santa-Cruz/courses/490139-EE171/,395,"University of California, Santa Cruz",2,Winter,1,2015,4492343,11387211,BFS17LBFS17HSOT23 NPN SILICON PLANARRF TRANSISTORSISSUE 4 MARCH 2001PARTMARKING DETAILS ECBFS17L - E1LBFS17H - E1HBABSOLUTE MAXIMUM RATINGS.PARAMETERSYMBOLVALUEUNITCollector-Base VoltageV CBO25VCollector-Emitter VoltageV CEO15VEmit,2015-05-09 02:20:25,2,c1f9bf3ed29d25f5a3cbe1dd3724cc89504600a5,False,False,https://www.coursehero.com/file/11387211/SOT23-NPN-Silicon-Planar-RF-Transistors/,SOT23 NPN Silicon Planar RF Transistors,11,notes,Other,Notes,100000755764689,jerryku1996
490139,1810501,Analog Electronics Laboratory ,171,EE,79306,451479,OscarAzucena,0,OscarAzucena,451479,395,https://www.coursehero.com/sitemap/schools/395-University-of-California-Santa-Cruz/courses/490139-EE171/,395,"University of California, Santa Cruz",3,Spring,1,2013,1810501,8964684,"EE171L, Spring 12, Lab-1University of California, Santa CruzBaskin School of EngineeringElectrical Engineering DepartmentEE171L: Analog Electronics LaboratoryExperiment-1: Operational AmplifiersI. Description and ObjectivesThis laboratory presents ",2014-03-04 15:41:50,4,5f039bbdfbedb561602924a1d97f24fde9ef2435,False,False,https://www.coursehero.com/file/8964684/EE171L-Lab-homework01/,EE171L_Lab homework01,151,,Lab,,100000753635015,GeneralFreedomWasp3853
490139,1810501,Analog Electronics Laboratory ,171,EE,79306,451479,OscarAzucena,0,OscarAzucena,451479,395,https://www.coursehero.com/sitemap/schools/395-University-of-California-Santa-Cruz/courses/490139-EE171/,395,"University of California, Santa Cruz",3,Spring,1,2013,1810501,8964682,,2014-03-04 15:41:48,8,5d7835791c99924c49e2dfcc9b2b5363396289d7,False,False,https://www.coursehero.com/file/8964682/homework3-solutions/,homework3_solutions,14,,Other,,100000753635015,GeneralFreedomWasp3853
490139,1810501,Analog Electronics Laboratory ,171,EE,79306,451479,OscarAzucena,0,OscarAzucena,451479,395,https://www.coursehero.com/sitemap/schools/395-University-of-California-Santa-Cruz/courses/490139-EE171/,395,"University of California, Santa Cruz",3,Spring,1,2013,1810501,8964677,,2014-03-04 15:41:44,18,ae940727ff8dd38ce3d4d769ff7bb5556c353ab3,False,False,https://www.coursehero.com/file/8964677/homework2-solutions/,homework2_solutions,27,,Other,,100000753635015,GeneralFreedomWasp3853
490139,1810501,Analog Electronics Laboratory ,171,EE,79306,451479,OscarAzucena,0,OscarAzucena,451479,395,https://www.coursehero.com/sitemap/schools/395-University-of-California-Santa-Cruz/courses/490139-EE171/,395,"University of California, Santa Cruz",3,Spring,1,2013,1810501,8964675,"ProblemsChapter2:20,21,26,43,47,52,59,67,80,92,109,123,127PSPICE1:Simulateproblem2.52inPSpiceusingaLM324,Verifythegainofthenoninvertingamplifier.PSPICE2(Iwillcheckthisproblem):Simulatethefollowingcircuit,designthedifferentialamplifierwithagainof40[d",2014-03-04 15:41:41,1,19a25099e20a79bff54dff61f79d0ec257684f78,False,False,https://www.coursehero.com/file/8964675/homework2/,homework2,20,,Assignment,,100000753635015,GeneralFreedomWasp3853
490139,1810501,Analog Electronics Laboratory ,171,EE,79306,451479,OscarAzucena,0,OscarAzucena,451479,395,https://www.coursehero.com/sitemap/schools/395-University-of-California-Santa-Cruz/courses/490139-EE171/,395,"University of California, Santa Cruz",3,Spring,1,2013,1810501,8964673,,2014-03-04 15:41:41,13,322aa362a33ecd0f501324be61769e628f4f4f3f,False,False,https://www.coursehero.com/file/8964673/homework1-solutions/,homework1_solutions,52,,Other,,100000753635015,GeneralFreedomWasp3853
490139,1810501,Analog Electronics Laboratory ,171,EE,79306,451479,OscarAzucena,0,OscarAzucena,451479,395,https://www.coursehero.com/sitemap/schools/395-University-of-California-Santa-Cruz/courses/490139-EE171/,395,"University of California, Santa Cruz",3,Spring,1,2013,1810501,8964671,"1.39Variousamplifierandloadcombinationsaremeasuredaslistedbelowusingrmsvalues.Foreach,findthevoltage,current,andpowergains(Av,Ai,Aprespectively)bothasratioandindB:a) vI = 100[mV ], iI = 100[uA], v0 = 10[V ], RL = 100[]b) vI = 10[uV ], iI = 100[nA], v",2014-03-04 15:41:38,8,2ecb9b3f69d6ac234a38ec929e44fb956eeb8fe4,False,False,https://www.coursehero.com/file/8964671/homework1/,homework1,769,,Notes,,100000753635015,GeneralFreedomWasp3853
490139,1810501,Analog Electronics Laboratory ,171,EE,79306,451479,OscarAzucena,0,OscarAzucena,451479,395,https://www.coursehero.com/sitemap/schools/395-University-of-California-Santa-Cruz/courses/490139-EE171/,395,"University of California, Santa Cruz",3,Spring,1,2013,1810501,8964668,"EE171: Lecture 3Oscar AzucenaLabBring your EE101 or EE100 Stuff forthe labs.Labs have started, make sure to findyour section online.Class codeSee me after class if youneed a code.Quiz and HWQuiz on Thursday:Bring paper, calculator, openbook, o",2014-03-04 15:41:25,46,215e05b9bc2e9d37eb9d3ee8ffa8428d247a1c07,False,False,https://www.coursehero.com/file/8964668/EE171Lecture3/,EE171Lecture3,24,,Slides,,100000753635015,GeneralFreedomWasp3853
490139,1810501,Analog Electronics Laboratory ,171,EE,79306,451479,OscarAzucena,0,OscarAzucena,451479,395,https://www.coursehero.com/sitemap/schools/395-University-of-California-Santa-Cruz/courses/490139-EE171/,395,"University of California, Santa Cruz",3,Spring,1,2013,1810501,8964666,EE171: Lecture 2Oscar AzucenaLab StuffLab 1: Next week starting Monday (04/08/2013)Pick a partnerPartner must be different every lab(50% off ifnot)Everyone turns in a Lab copy on the due dateWrite your name and your partners nameWrite lab number ,2014-03-04 15:41:14,26,3d161fd32821129dfc6d9fe3dc89740f98afebfc,False,False,https://www.coursehero.com/file/8964666/EE171Lecture2-2/,EE171Lecture2_2,48,,Slides,,100000753635015,GeneralFreedomWasp3853
490139,1810501,Analog Electronics Laboratory ,171,EE,79306,451479,OscarAzucena,0,OscarAzucena,451479,395,https://www.coursehero.com/sitemap/schools/395-University-of-California-Santa-Cruz/courses/490139-EE171/,395,"University of California, Santa Cruz",3,Spring,1,2013,1810501,8964664,EE171: IntroductionOscar AzucenaMeBS University of Houston 2004Keck ObservatoryCfAOPhd UCSC 2011Class InformationClass Location: Physical Sciences 114Class Time: TTh 4:00-5:45 PMInstructor: Oscar Azucenaemail: azucena@soe.ucsc.edu (Please add [,2014-03-04 15:41:09,42,556136a5c22031574be94fbd999b18fb75948dcc,False,False,https://www.coursehero.com/file/8964664/EE171Lecture1/,EE171Lecture1,17,,Slides,,100000753635015,GeneralFreedomWasp3853
490139,1810501,Analog Electronics Laboratory ,171,EE,79306,451479,OscarAzucena,0,OscarAzucena,451479,395,https://www.coursehero.com/sitemap/schools/395-University-of-California-Santa-Cruz/courses/490139-EE171/,395,"University of California, Santa Cruz",3,Spring,1,2013,1810501,8964663,"EE171L, Spring 12, Lab-5University of California, Santa CruzBaskin School of EngineeringElectrical Engineering DepartmentEE171L: Analog Electronics LaboratoryExperiment-5: CMOS CharacteristicsI. IntroductionThe purpose of this experiment is to inve",2014-03-04 15:40:59,5,5148fe4a58852b9f63d8cfd8ae12cd598adf032d,True,False,https://www.coursehero.com/file/8964663/EE171L-Lab-homework05/,EE171L_Lab homework05,33,,Lab,,100000753635015,GeneralFreedomWasp3853
490139,1810501,Analog Electronics Laboratory ,171,EE,79306,451479,OscarAzucena,0,OscarAzucena,451479,395,https://www.coursehero.com/sitemap/schools/395-University-of-California-Santa-Cruz/courses/490139-EE171/,395,"University of California, Santa Cruz",3,Spring,1,2013,1810501,8964661,"EE171L, Spring 12, Lab-4University of California, Santa CruzBaskin School of EngineeringElectrical Engineering DepartmentEE171L: Analog Electronics LaboratoryExperiment-4: Introduction to PSPICEI. Decription and ObjectivesThis laboratory introduces",2014-03-04 15:40:57,2,f12d56227aab6706defc894172a9f41c49198e08,False,False,https://www.coursehero.com/file/8964661/EE171L-Lab-homework04/,EE171L_Lab homework04,56,,Lab,,100000753635015,GeneralFreedomWasp3853
490139,1810501,Analog Electronics Laboratory ,171,EE,79306,451479,OscarAzucena,0,OscarAzucena,451479,395,https://www.coursehero.com/sitemap/schools/395-University-of-California-Santa-Cruz/courses/490139-EE171/,395,"University of California, Santa Cruz",3,Spring,1,2013,1810501,8964659,"EE171L, Spring 12, Lab-3University of California, Santa CruzBaskin School of EngineeringElectrical Engineering DepartmentEE171L: Analog Electronics LaboratoryExperiment-3: BJT Current SourcesI. Decription and ObjectivesThis laboratory investigates ",2014-03-04 15:40:56,5,3c58398e4ee8eb31e3575953907509f75fc9cce2,True,False,https://www.coursehero.com/file/8964659/EE171L-Lab-homework03/,EE171L_Lab homework03,58,,Lab,,100000753635015,GeneralFreedomWasp3853
490139,1810501,Analog Electronics Laboratory ,171,EE,79306,451479,OscarAzucena,0,OscarAzucena,451479,395,https://www.coursehero.com/sitemap/schools/395-University-of-California-Santa-Cruz/courses/490139-EE171/,395,"University of California, Santa Cruz",3,Spring,1,2013,1810501,8964657,"EE171L, Spring 12, Lab-2University of California, Santa CruzBaskin School of EngineeringElectrical Engineering DepartmentEE171L: Analog Electronics LaboratoryExperiment-2: Small-Signal Diode CharacteristicsI. IntroductionThis laboratory experimenta",2014-03-04 15:40:54,4,7117a5247126d5af27b79cb13b100a49ae007bcf,True,False,https://www.coursehero.com/file/8964657/EE171L-Lab-homework02/,EE171L_Lab homework02,67,,Lab,,100000753635015,GeneralFreedomWasp3853
