course.canonical_course_id,course.course_id,course.course_name,course.course_num,course.dept_acro,course.dept_id,course.prof_id,course.prof_name,course.professor.dept_id,course.professor.name,course.professor.prof_id,course.professor.school_id,course.resource_url,course.school_id,course.school_name,course.term,course.term_string,course.verified,course.year,course_id,db_filename,description,doc_date,document_pages.page_count,filehash,has_answers,is_featured,resource_url,title,total_views,type,type_ml,type_string,user_id,username,diff_date,avg_views,base_date,excerpt_notes
1987258,7111301,Algorithms,451,15,78028,143503,,0,,143503,1937,https://www.coursehero.com/sitemap/schools/1937-Carnegie-Mellon-University/courses/1987258-15451/,1937,Carnegie Mellon University,4,Summer,1,2017,7111301,24114480,"15-451/651 Algorithms, Spring 2017Homework #6Due: April 18, 2017This HW has four regular problems. All problems on the HWs are to be done individually,no collaboration is allowed. Solutions to the written problems should be submitted as asingle PDF f",7/20/17 17:15,7,219b4d5e6d8a93c120899fe63488dda2e7113264,TRUE,FALSE,https://www.coursehero.com/file/24114480/sol6pdf/,sol6.pdf,167,,Other,,1.00001E+14,bliu88,2420,0.069008264,3/5/24 10:00,
1987258,1992034,Algorithms,451,15,78028,474155,AvrimBlum,0,AvrimBlum,474155,1937,https://www.coursehero.com/sitemap/schools/1937-Carnegie-Mellon-University/courses/1987258-15451/,1937,Carnegie Mellon University,1,Fall,1,2011,1992034,35890842,"15-451 Algorithms, Fall 2011Homework # 1SolutionsProblems:(25 pts) 1. Recurrences. Solve the following recurrences, giving your answer in notation. Foreach of them, assume the base case T (x) = 1 for x 10. Show your work.(a) T (n) = T (n 2) + n4 .S",11/27/18 20:11,5,197c71b6c559214fd1982c158bd4dafdc4bcac11,TRUE,FALSE,https://www.coursehero.com/file/35890842/451f11soln1pdf/,451f11soln1.pdf,118,homework,Assignment,Homework Help,1.00001E+14,goouxlkh,1925,0.061298701,3/5/24 10:00,
1987258,7111301,Algorithms,451,15,78028,143503,,0,,143503,1937,https://www.coursehero.com/sitemap/schools/1937-Carnegie-Mellon-University/courses/1987258-15451/,1937,Carnegie Mellon University,4,Summer,1,2017,7111301,24114461,"15-451 Algorithms, Spring 2017Homework #7Due: May 1-4, 2017This is an oral presentation assignment. Again, there are three regular problems (#1-#3)and one programming problem (#4). You should work in groups of three. The sign-up sheetwill be online s",7/20/17 17:15,5,fb383d0bc4c734e8f1d52a38c507685299e74884,TRUE,FALSE,https://www.coursehero.com/file/24114461/sol7pdf/,sol7.pdf,120,,Other,,1.00001E+14,bliu88,2420,0.049586777,3/5/24 10:00,"Second round picked, as only three cat"
1987258,1992034,Algorithms,451,15,78028,474155,AvrimBlum,0,AvrimBlum,474155,1937,https://www.coursehero.com/sitemap/schools/1937-Carnegie-Mellon-University/courses/1987258-15451/,1937,Carnegie Mellon University,1,Fall,1,2011,1992034,35890863,"15-451 Algorithms, Fall 2011Homework # 4SolutionsProblems:1. Boruvkas MST Algorithm. Boruvkas MST algorithm (from 1926) is a bit like adistributed version of Kruskal. We begin by having each vertex mark the shortest edgeincident to it. (For instance",11/27/18 20:11,4,23aca6d18b6046dc774268a05d68c99f2e88f148,TRUE,FALSE,https://www.coursehero.com/file/35890863/451f11soln4pdf/,451f11soln4.pdf,71,homework,Assignment,Homework Help,1.00001E+14,goouxlkh,1925,0.036883117,3/5/24 10:00,"Second round picked, as only three cat"
1987258,1987258,Algorithms ,451,15,78028,474155,AvrimBlum,0,AvrimBlum,474155,1937,https://www.coursehero.com/sitemap/schools/1937-Carnegie-Mellon-University/courses/1987258-15451/,1937,Carnegie Mellon University,1,Fall,1,2009,1987258,9331650,"15-451 Algorithms, Fall 2009Homework # 2due: Tue-Thu, September 22-24, 2009Ground rules: This is an oral presentation assignment. You should work in groups of three. At somepoint before Saturday, September 19 at 11:59pm your group should sign up for ",5/5/14 5:29,2,e6c27e4c7500144504e20d5fd635b1e19de5a334,TRUE,FALSE,https://www.coursehero.com/file/9331650/Homework-2/,Homework 2,132,homework,Assignment,Homework Help,1.00001E+14,MasterDangerRabbit3360,3592,0.03674833,3/5/24 10:00,
1987258,26790725,Algorithm Design and Analysis,451,15,78028,143503,,0,,143503,1937,https://www.coursehero.com/sitemap/schools/1937-Carnegie-Mellon-University/courses/1987258-15451/,1937,Carnegie Mellon University,1,Fall,1,2022,26790725,183404849,"15-451/651 Algorithms, Spring 2022Homework #5Due: Problems 1-3: March 23-25, B5: March 25, Problem 4: April 2.This is an oral presentation assignment. Again, there are three regular problems (1  3)and one programming problem (4), and a bonus problem ",12/10/22 12:48,5,4f97d3bdf7eae9c7092a4e53d8175cf9d8622705,FALSE,FALSE,https://www.coursehero.com/file/183404849/22homework05pdf/,22homework05.pdf,16,,Assignment,,1.00001E+14,Algorithms_Lover,451,0.035476718,3/5/24 10:00,
1987258,1992034,Algorithms,451,15,78028,474155,AvrimBlum,0,AvrimBlum,474155,1937,https://www.coursehero.com/sitemap/schools/1937-Carnegie-Mellon-University/courses/1987258-15451/,1937,Carnegie Mellon University,1,Fall,1,2011,1992034,56234182,"15-451/651 Algorithms, Spring 2019Homework #5Due: March 26, 2019This HW has three regular problems and a programming assignment. All problems onthe HWs are to be done individually, no collaboration is allowed. Solutions to the writtenproblems should ",2/28/20 5:50,4,b7cd524459a1fd5b5485dcdf29a67e3c2cf2d4c6,TRUE,FALSE,https://www.coursehero.com/file/56234182/hw5pdf/,hw5.pdf,51,,Assignment,,1.00001E+14,PresidentSnow1689,1467,0.034764826,3/5/24 10:00,
1987258,1992034,Algorithms,451,15,78028,474155,AvrimBlum,0,AvrimBlum,474155,1937,https://www.coursehero.com/sitemap/schools/1937-Carnegie-Mellon-University/courses/1987258-15451/,1937,Carnegie Mellon University,1,Fall,1,2011,1992034,9358625,"15-451 Algorithms, Fall 2011Homework # 3Due: October 11, 2011Please hand in each problem on a separate sheet and put your name, andrew id, andrecitation (time or letter) at the top of each sheet. You will be handing each problem intoa separate stack,",5/8/14 10:40,3,9f6d113675b5a02a8e6dc65c07ee9af8c9c02670,FALSE,FALSE,https://www.coursehero.com/file/9358625/Homework-3/,Homework 3,120,homework,Assignment,Homework Help,1.00001E+14,HighnessDangerFish3844,3589,0.033435497,3/5/24 10:00,
1987258,26790725,Algorithm Design and Analysis,451,15,78028,143503,,0,,143503,1937,https://www.coursehero.com/sitemap/schools/1937-Carnegie-Mellon-University/courses/1987258-15451/,1937,Carnegie Mellon University,1,Fall,1,2022,26790725,183311934,"15-451/651 Algorithms, Spring 2021Homework #111:59pmDue: Problems 1-3: Feb 14, 11:59pm. Problem 4: Feb 16,This HW has three regular problems, one programming problem, and one bonus problem.Unless otherwise specified in the problem, you should work al",12/9/22 23:17,3,b4d530ab30858b32d0b25925d57bf317860ecf4d,TRUE,FALSE,https://www.coursehero.com/file/183311934/21homework01pdf/,21homework01.pdf,15,,Assignment,,1.00001E+14,Algorithms_Lover,452,0.033185841,3/5/24 10:00,
1987258,1992034,Algorithms,451,15,78028,474155,AvrimBlum,0,AvrimBlum,474155,1937,https://www.coursehero.com/sitemap/schools/1937-Carnegie-Mellon-University/courses/1987258-15451/,1937,Carnegie Mellon University,1,Fall,1,2011,1992034,9358624,"15-451 Algorithms, Fall 2011Homework # 5due: Tuesday November 8, 2011Please hand in each problem on a separate sheet and put your name and recitation (timeor letter) at the top of each sheet. You will be handing each problem into a separate box,and w",5/8/14 10:40,2,0e9baba2ddaa60368ab4cd5c9d2dcae1b9e2e4c2,TRUE,FALSE,https://www.coursehero.com/file/9358624/Homework-5/,Homework 5,112,homework,Assignment,Homework Help,1.00001E+14,HighnessDangerFish3844,3589,0.031206464,3/5/24 10:00,
1987258,26790725,Algorithm Design and Analysis,451,15,78028,143503,,0,,143503,1937,https://www.coursehero.com/sitemap/schools/1937-Carnegie-Mellon-University/courses/1987258-15451/,1937,Carnegie Mellon University,1,Fall,1,2022,26790725,183405165,"15-451/651 Algorithms, Spring 2022Recitation #6 WorksheetRecap of this week's lectures: Network Flows Ford-Fulkerson, maxflow-mincut duality, bipartite matching Edmonds-Karp and min-cost flowRecitation Problems1. Example of running Ford-Fulkerso",12/10/22 12:50,9,9b3882a867c0648a6976e45c0d2f43553f5b744f,TRUE,FALSE,https://www.coursehero.com/file/183405165/22recitation06solpdf/,22recitation06sol.pdf,14,,Assignment,,1.00001E+14,Algorithms_Lover,451,0.031042129,3/5/24 10:00,
1987258,1992034,Algorithms,451,15,78028,474155,AvrimBlum,0,AvrimBlum,474155,1937,https://www.coursehero.com/sitemap/schools/1937-Carnegie-Mellon-University/courses/1987258-15451/,1937,Carnegie Mellon University,1,Fall,1,2011,1992034,35890732,"15-451 Algorithms, Fall 2011Homework # 3Solutions(25 pts) 1. Treaps and amortized analysis. Suppose you have an array of n keys that is alreadysorted, and you want to convert it into a treap (e.g., so that you can later do additionalinserts). Here is",11/27/18 20:11,5,47579958408bd9f49696cef765a440fecbbef865,TRUE,FALSE,https://www.coursehero.com/file/35890732/451f11soln3pdf/,451f11soln3.pdf,59,homework,Assignment,Homework Help,1.00001E+14,goouxlkh,1925,0.030649351,3/5/24 10:00,
1987258,1992034,Algorithms,451,15,78028,474155,AvrimBlum,0,AvrimBlum,474155,1937,https://www.coursehero.com/sitemap/schools/1937-Carnegie-Mellon-University/courses/1987258-15451/,1937,Carnegie Mellon University,1,Fall,1,2011,1992034,180624430,"15-451/651 Algorithms, Fall 2022Homework #4, Due: Oct 5, 11:59pmThis homework has three written problems, and then one programming problem. Unlessotherwise specified in the problem, you should work alone. In all cases the write-up yousubmit must be wr",11/27/22 0:41,3,6364150b0f83b082d5531ca4ef00a1d7d20a3b59,TRUE,FALSE,https://www.coursehero.com/file/180624430/hw4pdf/,hw4.pdf,14,,Assignment,,1.00001E+14,MateWalrus2748,464,0.030172414,3/5/24 10:00,
1987258,1992034,Algorithms,451,15,78028,474155,AvrimBlum,0,AvrimBlum,474155,1937,https://www.coursehero.com/sitemap/schools/1937-Carnegie-Mellon-University/courses/1987258-15451/,1937,Carnegie Mellon University,1,Fall,1,2011,1992034,9358626,"15-451 Algorithms, Fall 2011Homework # 4Due: Tue-Thu, October 25-27, 2011Ground rules: This is an oral presentation assignment. You should work in groups of three. At somepoint before Saturday, October 22 at 11:59pm your group should sign up for a 1-",5/8/14 10:40,2,22654da4c34354e6b9a4e6a49502bbc7965e011a,TRUE,FALSE,https://www.coursehero.com/file/9358626/Homework-4/,Homework 4,108,homework,Assignment,Homework Help,1.00001E+14,HighnessDangerFish3844,3589,0.030091948,3/5/24 10:00,
1987258,1992034,Algorithms,451,15,78028,474155,AvrimBlum,0,AvrimBlum,474155,1937,https://www.coursehero.com/sitemap/schools/1937-Carnegie-Mellon-University/courses/1987258-15451/,1937,Carnegie Mellon University,1,Fall,1,2011,1992034,56234071,"15-451/651 Algorithms, Spring 2019Homework #4Due: Monday-Thursday, March 4-7, 2019This is an oral presentation assignment. Same rules as HW2. Prove your answers correctfor problems 1-3. Note that the presentation days are Monday-Thursday, becauseFrid",2/28/20 5:49,3,132d4099d889c2187698823c150054077db7253a,TRUE,FALSE,https://www.coursehero.com/file/56234071/hw4pdf/,hw4.pdf,35,,Assignment,,1.00001E+14,PresidentSnow1689,1467,0.023858214,3/5/24 10:00,
1987258,26790725,Algorithm Design and Analysis,451,15,78028,143503,,0,,143503,1937,https://www.coursehero.com/sitemap/schools/1937-Carnegie-Mellon-University/courses/1987258-15451/,1937,Carnegie Mellon University,1,Fall,1,2022,26790725,183312250,"15-451/651 Algorithms, Spring 2021Recitation #6 WorksheetRecap of this week's lectures: DP for shortest path Dijkstra, Bellman-Ford, Floyd-Warshall, Johnson, TSP Network Flows Ford-Fulkerson, maxflow-mincut, bipartite matchingMinimum Product Pa",12/9/22 23:17,8,d727f03e127c628b05a4b104d54be77a139ef202,TRUE,FALSE,https://www.coursehero.com/file/183312250/21recitation06solpdf/,21recitation06sol.pdf,10,,Notes,,1.00001E+14,Algorithms_Lover,452,0.022123894,3/5/24 10:00,
1987258,1992034,Algorithms,451,15,78028,474155,AvrimBlum,0,AvrimBlum,474155,1937,https://www.coursehero.com/sitemap/schools/1937-Carnegie-Mellon-University/courses/1987258-15451/,1937,Carnegie Mellon University,1,Fall,1,2011,1992034,35891188,"15-451 Algorithms, Fall 2011Homework # 5due: Tuesday November 8, 2011Please hand in each problem on a separate sheet and put your name and recitation (timeor letter) at the top of each sheet. You will be handing each problem into a separate box,and w",11/27/18 20:09,2,5a2a7ef212f95cd960c1559c68187d80a94ade40,TRUE,FALSE,https://www.coursehero.com/file/35891188/h5pdf/,h5.pdf,39,homework,Assignment,Homework Help,1.00001E+14,goouxlkh,1925,0.02025974,3/5/24 10:00,
1987258,1992034,Algorithms,451,15,78028,474155,AvrimBlum,0,AvrimBlum,474155,1937,https://www.coursehero.com/sitemap/schools/1937-Carnegie-Mellon-University/courses/1987258-15451/,1937,Carnegie Mellon University,1,Fall,1,2011,1992034,9358623,"15-451 Algorithms, Fall 2011Homework # 2due: Tue-Thu, September 27-29, 2011Ground rules: This is an oral presentation assignment. You should work in groups of three. At somepoint before Saturday, September 24 at 11:59pm your group should sign up for ",5/8/14 10:40,2,4976950b1b15d53e19066f4707eeaa33e4cb63a0,TRUE,FALSE,https://www.coursehero.com/file/9358623/Homework-2/,Homework 2,72,homework,Assignment,Homework Help,1.00001E+14,HighnessDangerFish3844,3589,0.020061298,3/5/24 10:00,
1987258,1987258,Algorithms ,451,15,78028,474155,AvrimBlum,0,AvrimBlum,474155,1937,https://www.coursehero.com/sitemap/schools/1937-Carnegie-Mellon-University/courses/1987258-15451/,1937,Carnegie Mellon University,1,Fall,1,2009,1987258,9331654,"15-451 Algorithms, Fall 2009Homework # 6due: Tue-Wed, November 17-18, 2009Ground rules: This is an oral presentation assignment. You should work in groups of three. At some pointbefore Sunday, November 15 at 11:59pm your group should sign up for a 1-",5/5/14 5:30,2,aff2f66cc1f4b04a5c9f0d1bad43263506d8391b,FALSE,FALSE,https://www.coursehero.com/file/9331654/Homework-5/,Homework 5,70,homework,Assignment,Homework Help,1.00001E+14,MasterDangerRabbit3360,3592,0.019487751,3/5/24 10:00,
1987258,26790725,Algorithm Design and Analysis,451,15,78028,143503,,0,,143503,1937,https://www.coursehero.com/sitemap/schools/1937-Carnegie-Mellon-University/courses/1987258-15451/,1937,Carnegie Mellon University,1,Fall,1,2022,26790725,183405511,"15-451/651 Algorithms, Spring 2022Homework #2Due: Problems 1-3: Feb 9-11, Problems 4 and B2: Feb 18, 11:59pmThis is an oral presentation assignment. Again, there are three regular problems (1  3) andone programming problem (4), and a bonus programmin",12/10/22 12:49,4,1788f0e3c0a1b4b38523f4d88a4fa0c51ff1ab0b,FALSE,FALSE,https://www.coursehero.com/file/183405511/22homework02pdf/,22homework02.pdf,8,,Assignment,,1.00001E+14,Algorithms_Lover,451,0.017738359,3/5/24 10:00,
1987258,7111301,Algorithms,451,15,78028,143503,,0,,143503,1937,https://www.coursehero.com/sitemap/schools/1937-Carnegie-Mellon-University/courses/1987258-15451/,1937,Carnegie Mellon University,4,Summer,1,2017,7111301,24114426,"15-451 Algorithms, Spring 2017Recitation #9 WorksheetNP-Completeness Reductions (general). To show that a problem B is NP-Complete,we take a known NP-Complete problem A, and then we reduce A to B. I.e., we show thatA p B. We do this by coming up with ",7/20/17 17:14,3,2b4cc0c3d39bac19c2454f204c3da46c37a6e429,FALSE,FALSE,https://www.coursehero.com/file/24114426/reci9pdf/,reci9.pdf,38,,Other,,1.00001E+14,bliu88,2420,0.015702479,3/5/24 10:00,
1987258,1992034,Algorithms,451,15,78028,474155,AvrimBlum,0,AvrimBlum,474155,1937,https://www.coursehero.com/sitemap/schools/1937-Carnegie-Mellon-University/courses/1987258-15451/,1937,Carnegie Mellon University,1,Fall,1,2011,1992034,180624316,"15-451/651 Algorithms, Fall 2022Homework #1, Due: Wednesday Sep 7, 11:59pmThis homework has several short answer problems, followed by two written problems, andthen one programming problem. Unless otherwise specified in the problem, you should workalo",11/27/22 0:41,3,d2c6a522c143442cf072f5be2ce54193fa687e9b,TRUE,FALSE,https://www.coursehero.com/file/180624316/hw1pdf/,hw1.pdf,7,,Assignment,,1.00001E+14,MateWalrus2748,464,0.015086207,3/5/24 10:00,
1987258,7111301,Algorithms,451,15,78028,143503,,0,,143503,1937,https://www.coursehero.com/sitemap/schools/1937-Carnegie-Mellon-University/courses/1987258-15451/,1937,Carnegie Mellon University,4,Summer,1,2017,7111301,24114439,"15-451 Algorithms, Spring 2017Recitation #9 WorksheetNP-Completeness Reductions (general). To show that a problem B is NP-Complete,we take a known NP-Complete problem A, and then we reduce A to B. I.e., we show thatA p B. We do this by coming up with ",7/20/17 17:14,3,183050795472c805f12dead88e6a220166e6e45c,TRUE,FALSE,https://www.coursehero.com/file/24114439/reci9-solpdf/,reci9-sol.pdf,36,,Other,,1.00001E+14,bliu88,2420,0.014876033,3/5/24 10:00,
1987258,1987258,Algorithms ,451,15,78028,474155,AvrimBlum,0,AvrimBlum,474155,1937,https://www.coursehero.com/sitemap/schools/1937-Carnegie-Mellon-University/courses/1987258-15451/,1937,Carnegie Mellon University,1,Fall,1,2009,1987258,9331653,"15-451 Algorithms, Fall 2009Homework # 4Due: Tue-Wed, October 20-21, 2009Ground rules: This is an oral presentation assignment. You should work in groups of three. At somepoint before Saturday, October 17 at 11:59pm your group should sign up for a 1-",5/5/14 5:30,2,d4806664f5b475980c4b334593325c53881a664b,TRUE,FALSE,https://www.coursehero.com/file/9331653/Homework-4/,Homework 4,53,homework,Assignment,Homework Help,1.00001E+14,MasterDangerRabbit3360,3592,0.014755011,3/5/24 10:00,
1987258,1987258,Algorithms ,451,15,78028,474155,AvrimBlum,0,AvrimBlum,474155,1937,https://www.coursehero.com/sitemap/schools/1937-Carnegie-Mellon-University/courses/1987258-15451/,1937,Carnegie Mellon University,1,Fall,1,2009,1987258,9331649,"15-451 Algorithms, Fall 2009Homework # 5due: Tuesday November 3, 2009Please hand in each problem on a separate sheet and put your name and recitation (timeor letter) at the top of each sheet. You will be handing each problem into a separate box,and w",5/5/14 5:29,2,334321ded0438171b213f221dbbb791b92fc2b15,TRUE,FALSE,https://www.coursehero.com/file/9331649/Homework-6/,Homework 6,52,homework,Assignment,Homework Help,1.00001E+14,MasterDangerRabbit3360,3592,0.014476615,3/5/24 10:00,
1987258,7111301,Algorithms,451,15,78028,143503,,0,,143503,1937,https://www.coursehero.com/sitemap/schools/1937-Carnegie-Mellon-University/courses/1987258-15451/,1937,Carnegie Mellon University,4,Summer,1,2017,7111301,24114470,"15-251: Great Theoretical Ideas in Computer ScienceNotes on Pancakes (draft!)1Anupam GuptaSeptember 22, 2016Pancakes with a ProblemSuppose someone comes to you with this problem:1The chef in our place is sloppy, and when he prepares a stack of panc",7/20/17 17:16,9,afe68b79d5872a06d98a1d8254909341b75980da,TRUE,FALSE,https://www.coursehero.com/file/24114470/pancakespdf/,pancakes.pdf,34,,Other,,1.00001E+14,bliu88,2420,0.014049587,3/5/24 10:00,
1987258,26790725,Algorithm Design and Analysis,451,15,78028,143503,,0,,143503,1937,https://www.coursehero.com/sitemap/schools/1937-Carnegie-Mellon-University/courses/1987258-15451/,1937,Carnegie Mellon University,1,Fall,1,2022,26790725,183405221,"15-451/651 Algorithms, Spring 2022Homework #4Due: Problems 1-3: 3/15 11:59pmThis HW has three regular written problems. The collaboration policy on these problemsis specified on each problem. Solutions to these problems should be submitted as a single",12/10/22 12:49,2,529b20f42ca7873fa0bc9ecc19f040051d9648bc,FALSE,FALSE,https://www.coursehero.com/file/183405221/22homework04pdf/,22homework04.pdf,6,,Assignment,,1.00001E+14,Algorithms_Lover,451,0.013303769,3/5/24 10:00,
1987258,26790725,Algorithm Design and Analysis,451,15,78028,143503,,0,,143503,1937,https://www.coursehero.com/sitemap/schools/1937-Carnegie-Mellon-University/courses/1987258-15451/,1937,Carnegie Mellon University,1,Fall,1,2022,26790725,183405169,"15-451/651 Algorithms, Spring 2022Homework #3Due: Problems 1-3 and B3: 2/28 11:59pm, Programming: 3/3 11:59pmThis HW has three regular written problems, one programming problem, and one bonusproblem. The collaboration policy on these problems is speci",12/10/22 12:49,5,751f6021f62b696ae09a0b493c9fedf5a7c75b29,TRUE,FALSE,https://www.coursehero.com/file/183405169/22homework03pdf/,22homework03.pdf,6,,Assignment,,1.00001E+14,Algorithms_Lover,451,0.013303769,3/5/24 10:00,
1987258,1992034,Algorithms,451,15,78028,474155,AvrimBlum,0,AvrimBlum,474155,1937,https://www.coursehero.com/sitemap/schools/1937-Carnegie-Mellon-University/courses/1987258-15451/,1937,Carnegie Mellon University,1,Fall,1,2011,1992034,180624485,"15-451/651 Algorithms, Fall 2022Homework #7, Due: Nov 16, 11:59pmThis homework has three written problems, and then one programming problem. Unlessotherwise specified in the problem, you should work alone. In all cases the write-up yousubmit must be w",11/27/22 0:41,3,80976942236948b4fb6a81415b4747d5f66e4637,FALSE,FALSE,https://www.coursehero.com/file/180624485/hw7pdf/,hw7.pdf,6,,Assignment,,1.00001E+14,MateWalrus2748,464,0.012931034,3/5/24 10:00,
1987258,1992034,Algorithms,451,15,78028,474155,AvrimBlum,0,AvrimBlum,474155,1937,https://www.coursehero.com/sitemap/schools/1937-Carnegie-Mellon-University/courses/1987258-15451/,1937,Carnegie Mellon University,1,Fall,1,2011,1992034,180624324,"15-451/651 Algorithms, Fall 2022Homework #8, Due: Nov 30, 11:59pmThis homework has a feedback survey, two written problems, and then one programmingproblem. Unless otherwise specified in the problem, you should work alone. In all cases thewrite-up you",11/27/22 0:41,6,03983b33dff30028ec0245c31c1dc13e8103a25a,TRUE,FALSE,https://www.coursehero.com/file/180624324/hw8pdf/,hw8.pdf,6,,Assignment,,1.00001E+14,MateWalrus2748,464,0.012931034,3/5/24 10:00,
1987258,7111301,Algorithms,451,15,78028,143503,,0,,143503,1937,https://www.coursehero.com/sitemap/schools/1937-Carnegie-Mellon-University/courses/1987258-15451/,1937,Carnegie Mellon University,4,Summer,1,2017,7111301,24114459,"15-451 Algorithms, Spring 2017Recitation #10 WorksheetCounting Axis-Aligned Segment IntersectionsYoure given n vertical line segments in the plane and m horizontal ones. The problem isto count the number of intersections. The brute-force algorithm is ",7/20/17 17:14,3,028885bdc3a4ca280b51d79d92039350ca0d1839,TRUE,FALSE,https://www.coursehero.com/file/24114459/reci10-solpdf/,reci10-sol.pdf,31,,Notes,,1.00001E+14,bliu88,2420,0.012809917,3/5/24 10:00,
1987258,1992034,Algorithms,451,15,78028,474155,AvrimBlum,0,AvrimBlum,474155,1937,https://www.coursehero.com/sitemap/schools/1937-Carnegie-Mellon-University/courses/1987258-15451/,1937,Carnegie Mellon University,1,Fall,1,2011,1992034,9358622,"15-451 Algorithms, Fall 2011Homework # 1Due: September 13, 2011Please hand in each problem on a separate sheet and put your name and recitation (timeor letter) at the top of each page. You will be handing each problem into a separate box inlecture, a",5/8/14 10:40,3,ad0e6886cbc41211a71551cd6889508af2e377c7,TRUE,FALSE,https://www.coursehero.com/file/9358622/Homework-1/,Homework 1,45,homework,Assignment,Homework Help,1.00001E+14,HighnessDangerFish3844,3589,0.012538312,3/5/24 10:00,
1987258,7111301,Algorithms,451,15,78028,143503,,0,,143503,1937,https://www.coursehero.com/sitemap/schools/1937-Carnegie-Mellon-University/courses/1987258-15451/,1937,Carnegie Mellon University,4,Summer,1,2017,7111301,24114441,"15-451 Algorithms, Spring 2017Recitation #8 WorksheetA. Rock-Paper-Scissors with a Twist Suppose we have a non-standard game of rockpaper-scissors, which is still zero-sum, but with the following payoffs for the row player(Alice):Bob playsrpsAlice",7/20/17 17:14,5,a329338c451a66ef6b639d6ee52261e372a037d7,TRUE,FALSE,https://www.coursehero.com/file/24114441/reci8-solpdf/,reci8-sol.pdf,29,,Other,,1.00001E+14,bliu88,2420,0.011983471,3/5/24 10:00,
1987258,1992034,Algorithms,451,15,78028,474155,AvrimBlum,0,AvrimBlum,474155,1937,https://www.coursehero.com/sitemap/schools/1937-Carnegie-Mellon-University/courses/1987258-15451/,1937,Carnegie Mellon University,1,Fall,1,2011,1992034,35891194,"15-451 Algorithms, Fall 2011Homework # 7SolutionsProblems:(25 pts) 1. [NP-completeness and approximation algorithms]Let A be the set of pairs (G, k) such that G is a graph with a vertex cover of size k orless. Let C be the set of pairs (G, k) such t",11/27/18 20:09,3,f884bad8ef957d02af515ee43dc02458ad10fbcd,TRUE,FALSE,https://www.coursehero.com/file/35891194/h7pdf/,h7.pdf,22,homework,Assignment,Homework Help,1.00001E+14,goouxlkh,1925,0.011428571,3/5/24 10:00,
1987258,1992034,Algorithms,451,15,78028,474155,AvrimBlum,0,AvrimBlum,474155,1937,https://www.coursehero.com/sitemap/schools/1937-Carnegie-Mellon-University/courses/1987258-15451/,1937,Carnegie Mellon University,1,Fall,1,2011,1992034,27821186,"15-451 Algorithms, Spring 2018Recitation #1 Worksheet-IV. Asymptotic analysis. 1 For each pair hf, gi of functions below, list which of thefollowing are true: f (n) = o(g(n), f (n) = (g(n), or g(n) = o(f (n).1. f (n) = ln(n), g(n) = log10 (n). Solutio",1/23/18 9:44,6,a6fa7cfa3455058d5660a5bfa8d2e21debc86de0,TRUE,FALSE,https://www.coursehero.com/file/27821186/reci1-solpdf/,reci1-sol.pdf,25,,Assignment,,1.00001E+14,AgentNeutron2159,2233,0.011195701,3/5/24 10:00,
1987258,26790725,Algorithm Design and Analysis,451,15,78028,143503,,0,,143503,1937,https://www.coursehero.com/sitemap/schools/1937-Carnegie-Mellon-University/courses/1987258-15451/,1937,Carnegie Mellon University,1,Fall,1,2022,26790725,183404812,"15-451/651 Algorithms, Spring 2022Recitation #7 WorksheetRecap of this week's lectures: Zero-sum games Linear Programming1. Mid-Semester Feedback We wanted to check in and get any feedback from all of youon how we could do better as a course. Plea",12/10/22 12:51,6,f9ca024b77468d038650310f9807e2955e0fa0ec,TRUE,FALSE,https://www.coursehero.com/file/183404812/22recitation07solpdf/,22recitation07sol.pdf,5,,Notes,,1.00001E+14,Algorithms_Lover,451,0.011086475,3/5/24 10:00,
1987258,1992034,Algorithms,451,15,78028,474155,AvrimBlum,0,AvrimBlum,474155,1937,https://www.coursehero.com/sitemap/schools/1937-Carnegie-Mellon-University/courses/1987258-15451/,1937,Carnegie Mellon University,1,Fall,1,2011,1992034,35890142,"15-451 Algorithms, Fall 2011Homework # 2due: Tue-Thu, September 27-29, 2011Ground rules: This is an oral presentation assignment. You should work in groups of three. At somepoint before Saturday, September 24 at 11:59pm your group should sign up for ",11/27/18 20:05,2,b784f13081ea4f74520f3f82460102dd7fe58b97,TRUE,FALSE,https://www.coursehero.com/file/35890142/h2pdf/,h2.pdf,21,homework,Assignment,Homework Help,1.00001E+14,goouxlkh,1925,0.010909091,3/5/24 10:00,
1987258,1992034,Algorithms,451,15,78028,474155,AvrimBlum,0,AvrimBlum,474155,1937,https://www.coursehero.com/sitemap/schools/1937-Carnegie-Mellon-University/courses/1987258-15451/,1937,Carnegie Mellon University,1,Fall,1,2011,1992034,180623835,"15-451/651 Algorithms, Fall 2022Homework #5, Due: Wednesday Oct 12, 11:59pmThis homework has several short answer problems, followed by two written problems, Unlessotherwise specified in the problem, you should work alone. In all cases the write-up you",11/27/22 0:41,2,ea8de7e7e900f8c4d923b722a8ca0e5b76dd37f3,FALSE,FALSE,https://www.coursehero.com/file/180623835/hw5pdf/,hw5.pdf,5,,Assignment,,1.00001E+14,MateWalrus2748,464,0.010775862,3/5/24 10:00,
1987258,1992034,Algorithms,451,15,78028,474155,AvrimBlum,0,AvrimBlum,474155,1937,https://www.coursehero.com/sitemap/schools/1937-Carnegie-Mellon-University/courses/1987258-15451/,1937,Carnegie Mellon University,1,Fall,1,2011,1992034,56234176,"15-451/651 Algorithms, Spring 2018Homework #3Due: February 22, 2018All problems on written HWs are to be done individually, no collaboration is allowed. (And there is onebonus problem.) Otherwise same rules as before.(25 pts) 1. (Some Streaming Speci",2/28/20 5:49,4,edc67ba5a7ef4d5c8a2a769aa22fafd5645d5bca,TRUE,FALSE,https://www.coursehero.com/file/56234176/hw3pdf/,hw3.pdf,14,,Assignment,,1.00001E+14,PresidentSnow1689,1467,0.009543286,3/5/24 10:00,
1987258,26790725,Algorithm Design and Analysis,451,15,78028,143503,,0,,143503,1937,https://www.coursehero.com/sitemap/schools/1937-Carnegie-Mellon-University/courses/1987258-15451/,1937,Carnegie Mellon University,1,Fall,1,2022,26790725,183404836,"15-451/651 Algorithms, Spring 2022Recitation #5 WorksheetRecap of this week's lectures: Shortest paths- The Bellman-Ford algorithm- The Floyd-Warshall algorithm Fundamental strategies for dynamic programming- Consider the first i elements of the ",12/10/22 12:48,5,7874e16ceb32106d6251b33c841bee5c182a063e,TRUE,FALSE,https://www.coursehero.com/file/183404836/22recitation05solpdf/,22recitation05sol.pdf,4,,Notes,,1.00001E+14,Algorithms_Lover,451,0.00886918,3/5/24 10:00,
1987258,1992034,Algorithms,451,15,78028,474155,AvrimBlum,0,AvrimBlum,474155,1937,https://www.coursehero.com/sitemap/schools/1937-Carnegie-Mellon-University/courses/1987258-15451/,1937,Carnegie Mellon University,1,Fall,1,2011,1992034,9358627,"15-451 Algorithms, Fall 2011Homework # 6due: Mon-Tue, November 21-22, 2011Ground rules: This is an oral presentation assignment. You should work in groups of three. At some pointbefore Saturday, November 19 at 11:59pm your group should sign up for a ",5/8/14 10:40,2,bd9cec9ed8b6c87f24d568c645bf157928d860f1,TRUE,FALSE,https://www.coursehero.com/file/9358627/Homework-6/,Homework 6,31,homework,Assignment,Homework Help,1.00001E+14,HighnessDangerFish3844,3589,0.008637503,3/5/24 10:00,
1987258,1992034,Algorithms,451,15,78028,474155,AvrimBlum,0,AvrimBlum,474155,1937,https://www.coursehero.com/sitemap/schools/1937-Carnegie-Mellon-University/courses/1987258-15451/,1937,Carnegie Mellon University,1,Fall,1,2011,1992034,180624325,"15-451/651 Algorithms, Fall 2022Homework #6, Due: Oral Presentations Nov 2-4This is an oral presentation assignment. There are three regular problems (#1-#3). Youshould work in groups of three. The sign-ups will be online soon (details on Piazza) and y",11/27/22 0:41,3,4a1d10b814143ecc852eee4964bc9760664ef40a,TRUE,FALSE,https://www.coursehero.com/file/180624325/hw6pdf/,hw6.pdf,4,,Assignment,,1.00001E+14,MateWalrus2748,464,0.00862069,3/5/24 10:00,
1987258,1992034,Algorithms,451,15,78028,474155,AvrimBlum,0,AvrimBlum,474155,1937,https://www.coursehero.com/sitemap/schools/1937-Carnegie-Mellon-University/courses/1987258-15451/,1937,Carnegie Mellon University,1,Fall,1,2011,1992034,180624307,"15-451/651 Algorithms, Fall 2022Homework #2, Due: Sep 14, 11:59pmThis homework has several short answer problems, followed by two written problems, andthen one programming problem. Unless otherwise specified in the problem, you should workalone. In al",11/27/22 0:41,4,756cd89ab0e2caaa1e723e77fd697efad331119d,FALSE,FALSE,https://www.coursehero.com/file/180624307/hw2pdf/,hw2.pdf,4,,Assignment,,1.00001E+14,MateWalrus2748,464,0.00862069,3/5/24 10:00,
1987258,1987258,Algorithms ,451,15,78028,474155,AvrimBlum,0,AvrimBlum,474155,1937,https://www.coursehero.com/sitemap/schools/1937-Carnegie-Mellon-University/courses/1987258-15451/,1937,Carnegie Mellon University,1,Fall,1,2009,1987258,9331652,"15-451 Algorithms, Fall 2009Homework # 1Due: September 8, 2009Please hand in each problem on a separate sheet and put your name and recitation (timeor letter) at the top of each page. You will be handing each problem into a separate box inlecture, an",5/5/14 5:30,2,4097fe2bca0fd8f2e64cd7f97bbd277565088167,TRUE,FALSE,https://www.coursehero.com/file/9331652/Homework-1/,Homework 1,30,homework,Assignment,Homework Help,1.00001E+14,MasterDangerRabbit3360,3592,0.008351893,3/5/24 10:00,
1987258,7111301,Algorithms,451,15,78028,143503,,0,,143503,1937,https://www.coursehero.com/sitemap/schools/1937-Carnegie-Mellon-University/courses/1987258-15451/,1937,Carnegie Mellon University,4,Summer,1,2017,7111301,24114460,"15-451 Algorithms, Spring 2017Recitation #7 WorksheetNetwork FlowExample of running Ford-Fulkerson: Here is a problem from the midterm in 2013.Consider the graph below.a8c6831s5t77b8dRun Ford-Fulkerson and show the final residual graph",7/20/17 17:14,3,12045cf8acecdcea22196f6bb556a770692b99b1,TRUE,FALSE,https://www.coursehero.com/file/24114460/reci7-solpdf/,reci7-sol.pdf,20,,Other,,1.00001E+14,bliu88,2420,0.008264463,3/5/24 10:00,
1987258,7111301,Algorithms,451,15,78028,143503,,0,,143503,1937,https://www.coursehero.com/sitemap/schools/1937-Carnegie-Mellon-University/courses/1987258-15451/,1937,Carnegie Mellon University,4,Summer,1,2017,7111301,24114434,"15-451, Spring 2017, Recitation 12Competitive Analysis and Random Incremental Analysis1 Where to put the Safe?An office building has one safe where valuables are kept. There are two rooms in the buildingnumbered 1, 2. The distance between the rooms is",7/20/17 17:13,3,d4d2c66abf6cc6ddd0cf3cc080a7a0ecbb934d09,TRUE,FALSE,https://www.coursehero.com/file/24114434/reci12-solpdf/,reci12-sol.pdf,20,,Other,,1.00001E+14,bliu88,2420,0.008264463,3/5/24 10:00,
1987258,7111301,Algorithms,451,15,78028,143503,,0,,143503,1937,https://www.coursehero.com/sitemap/schools/1937-Carnegie-Mellon-University/courses/1987258-15451/,1937,Carnegie Mellon University,4,Summer,1,2017,7111301,24114443,"15-451 Algorithms, Spring 2017Recitation #13 WorksheetConvex Functions and Gradient DescentRecall that a function f over Rn is convex if for any two inputs x, y Rn and any [0, 1]we have f (x + (1 )y) f (x) + (1 )f (y). In other words, the line segment",7/20/17 17:13,3,13ec63aff6026c4bf954488b2d69f4dae9e46090,TRUE,FALSE,https://www.coursehero.com/file/24114443/reci13-solpdf/,reci13-sol.pdf,19,,Other,,1.00001E+14,bliu88,2420,0.00785124,3/5/24 10:00,
1987258,1992034,Algorithms,451,15,78028,474155,AvrimBlum,0,AvrimBlum,474155,1937,https://www.coursehero.com/sitemap/schools/1937-Carnegie-Mellon-University/courses/1987258-15451/,1937,Carnegie Mellon University,1,Fall,1,2011,1992034,36071429,"15-451 Algorithms9/07/11RECITATION NOTES=Any difficulties that came up on mini?Questions on recurrences? If so, could do an example like T(n) =3T(n/3) + n or T(n) = 2T(n/3) + n, going through recursion tree.Here are 3-4 possible problems to do (pro",12/3/18 9:02,3,579c22ab09a15523b90acf6bfbd68f0bdae44ec3,TRUE,FALSE,https://www.coursehero.com/file/36071429/rec0907pdf/,rec0907.pdf,15,notes,Notes,Notes,1.00001E+14,goouxlkh,1919,0.007816571,3/5/24 10:00,
1987258,1992034,Algorithms,451,15,78028,474155,AvrimBlum,0,AvrimBlum,474155,1937,https://www.coursehero.com/sitemap/schools/1937-Carnegie-Mellon-University/courses/1987258-15451/,1937,Carnegie Mellon University,1,Fall,1,2011,1992034,35890238,"15-451 Algorithms, Fall 2011Homework # 6due: Mon-Tue, November 21-22, 2011Ground rules: This is an oral presentation assignment. You should work in groups of three. At some pointbefore Saturday, November 19 at 11:59pm your group should sign up for a ",11/27/18 20:09,2,f43e6b096a093c3a13bdd8fad8f69c967dc3ca1a,TRUE,FALSE,https://www.coursehero.com/file/35890238/h6pdf/,h6.pdf,14,homework,Assignment,Homework Help,1.00001E+14,goouxlkh,1925,0.007272727,3/5/24 10:00,
1987258,26790725,Algorithm Design and Analysis,451,15,78028,143503,,0,,143503,1937,https://www.coursehero.com/sitemap/schools/1937-Carnegie-Mellon-University/courses/1987258-15451/,1937,Carnegie Mellon University,1,Fall,1,2022,26790725,183312550,"15-451/651 Algorithms, Spring 2021Homework #2 Due: Problems 1-3: Feb 23-26, oral signup. Problem 4: Mar 1,11:59pmThis is an oral presentation assignment. Again, there are three regular problems (#1-#3)and one programming problem (#4). You should work ",12/9/22 23:17,5,514c628cb288a024f5f6ace15add3a03fcc1c3e1,TRUE,FALSE,https://www.coursehero.com/file/183312550/21homework02pdf/,21homework02.pdf,3,,Assignment,,1.00001E+14,Algorithms_Lover,452,0.006637168,3/5/24 10:00,
1987258,26790725,Algorithm Design and Analysis,451,15,78028,143503,,0,,143503,1937,https://www.coursehero.com/sitemap/schools/1937-Carnegie-Mellon-University/courses/1987258-15451/,1937,Carnegie Mellon University,1,Fall,1,2022,26790725,183311872,"15-451/651 Algorithms, Spring 2021Recitation #1 Worksheet-IV. Asymptotic analysis. 1 For each pair hf, gi of functions below, list which of thefollowing are true: f (n) = o(g(n), f (n) = (g(n), or g(n) = o(f (n).1. f (n) = ln(n), g(n) = log10 (n). So",12/9/22 23:17,6,f1b92e9115beb9da07a2de268599302aa875addb,TRUE,FALSE,https://www.coursehero.com/file/183311872/21recitation01solpdf/,21recitation01sol.pdf,3,,Assignment,,1.00001E+14,Algorithms_Lover,452,0.006637168,3/5/24 10:00,
1987258,1992034,Algorithms,451,15,78028,474155,AvrimBlum,0,AvrimBlum,474155,1937,https://www.coursehero.com/sitemap/schools/1937-Carnegie-Mellon-University/courses/1987258-15451/,1937,Carnegie Mellon University,1,Fall,1,2011,1992034,180624380,"15-451/651: Design &amp; Analysis of AlgorithmsLecture #1: Introduction and Linear-time SelectionAugust 30, 2022last changed: August 30, 2022The purpose of this lecture is to give a brief overview of the topic of Algorithms and the kind of thinkingit inv",11/27/22 0:43,6,fe7da5429e8087340bcc696f586207ea2c0e031d,FALSE,FALSE,https://www.coursehero.com/file/180624380/lec01-selectionpdf/,lec01-selection.pdf,3,,Notes,,1.00001E+14,MateWalrus2748,464,0.006465517,3/5/24 10:00,
1987258,1992034,Algorithms,451,15,78028,474155,AvrimBlum,0,AvrimBlum,474155,1937,https://www.coursehero.com/sitemap/schools/1937-Carnegie-Mellon-University/courses/1987258-15451/,1937,Carnegie Mellon University,1,Fall,1,2011,1992034,180624115,"15-451/651: Design &amp; Analysis of AlgorithmsLecture #16: Linear Programming IINovember 1, 2022last changed: November 1, 2022In this lecture we describe a nice algorithm due to Seidel for Linear Programming in low-dimensional spaces.We will also briefl",11/27/22 0:43,6,03838389b05d7c9eafb9bd77ea15e33c2d2c64b3,TRUE,FALSE,https://www.coursehero.com/file/180624115/lec16-lp2pdf/,lec16-lp2.pdf,3,,Notes,,1.00001E+14,MateWalrus2748,464,0.006465517,3/5/24 10:00,
1987258,1992034,Algorithms,451,15,78028,474155,AvrimBlum,0,AvrimBlum,474155,1937,https://www.coursehero.com/sitemap/schools/1937-Carnegie-Mellon-University/courses/1987258-15451/,1937,Carnegie Mellon University,1,Fall,1,2011,1992034,180623809,"15-451/651 Algorithms, Fall 2022Homework #3, Due: Oral Presentations September 21-23This is an oral presentation assignment. There are three regular problems (#1-#3). Youshould work in groups of three. The sign-ups will be online soon (details on Piazz",11/27/22 0:41,2,68c8104ea54adc6b657486b63c6c8341387d0f3c,FALSE,FALSE,https://www.coursehero.com/file/180623809/hw3pdf/,hw3.pdf,3,,Assignment,,1.00001E+14,MateWalrus2748,464,0.006465517,3/5/24 10:00,
1987258,6727999,Algorithm Design and Analysis,451,15,78028,143503,,0,,143503,1937,https://www.coursehero.com/sitemap/schools/1937-Carnegie-Mellon-University/courses/1987258-15451/,1937,Carnegie Mellon University,1,Fall,1,2016,6727999,25531355,"15-451/651: Design &amp; Analysis of AlgorithmsLecture #8: Dynamic Programming IFebruary 10, 2016last changed: February 25, 2016Dynamic Programming is a powerful technique that allows one to solve many different types ofproblems in time O(n2 ) or O(n3 ) ",9/30/17 18:35,8,1267048ddb08be064c1c3d36739bd5fd5e2be6c5,TRUE,FALSE,https://www.coursehero.com/file/25531355/lec09-dp1pdf/,lec09-dp1.pdf,15,notes,Notes,Notes,1.00001E+14,tadeaaaa1211,2348,0.006388416,3/5/24 10:00,
1987258,30530443,Algorithm Design and Analysis,451,15,78028,143503,,0,,143503,1937,https://www.coursehero.com/sitemap/schools/1937-Carnegie-Mellon-University/courses/1987258-15451/,1937,Carnegie Mellon University,3,Spring,1,2023,30530443,200979763,"15-451/651: Design &amp; Analysis of AlgorithmsLecture #12: Network Flows IIFeb 28, 2023last changed: February 28, 2023The Ford-Fulkerson algorithm discussed in the last class takes time O(mF ), where F is the value of themaximum flow, when all capacitie",4/26/23 17:51,7,f268844be25dba37deec0ef8f98f7daa618eccaa,TRUE,FALSE,https://www.coursehero.com/file/200979763/lec12-flow2pdf/,lec12-flow2.pdf,2,,Notes,,1.00001E+14,PrivateSnow1537,314,0.006369427,3/5/24 10:00,
1987258,1992034,Algorithms,451,15,78028,474155,AvrimBlum,0,AvrimBlum,474155,1937,https://www.coursehero.com/sitemap/schools/1937-Carnegie-Mellon-University/courses/1987258-15451/,1937,Carnegie Mellon University,1,Fall,1,2011,1992034,9358628,"15-451 Algorithms, Fall 2011Homework # 7due: Thurs December 8, 2011Please hand in each problem on a separate sheet and put your name and recitation (timeor letter) at the top of each sheet. You will be handing each problem into a separate box,and we ",5/8/14 10:40,2,e20aeabf56e788dad132bfadb3edf5363d20234a,TRUE,FALSE,https://www.coursehero.com/file/9358628/Homework-7/,Homework 7,21,homework,Assignment,Homework Help,1.00001E+14,HighnessDangerFish3844,3589,0.005851212,3/5/24 10:00,
1987258,7111301,Algorithms,451,15,78028,143503,,0,,143503,1937,https://www.coursehero.com/sitemap/schools/1937-Carnegie-Mellon-University/courses/1987258-15451/,1937,Carnegie Mellon University,4,Summer,1,2017,7111301,24114421,"15-451 Recitation 11Computational Geometry1 Setup and SweepYou are given a set S of n points with integer coordinates in the plane. You are also given maxis-alligned rectangles, the ith one specified by a pair of points ( xi , yi ), ( xi0 , yi0 ). ( x",7/20/17 17:14,2,9e49a201ef8f5669e8dfff68e97f5158242c52d6,TRUE,FALSE,https://www.coursehero.com/file/24114421/reci11-solpdf/,reci11-sol.pdf,14,,Other,,1.00001E+14,bliu88,2420,0.005785124,3/5/24 10:00,
1987258,7111301,Algorithms,451,15,78028,143503,,0,,143503,1937,https://www.coursehero.com/sitemap/schools/1937-Carnegie-Mellon-University/courses/1987258-15451/,1937,Carnegie Mellon University,4,Summer,1,2017,7111301,24004596,"15-451/651: Design &amp; Analysis of AlgorithmsLecture #21 Computational Geometry Introduciton1April 11, 2017last changed: April 10, 2017IntroductionComputational geometry is the design and analysis of algorithms for geometric problems that arisein low",7/13/17 16:48,10,9aa04ee4fffdebd93cbdf6309a915ca2e0f82bbd,TRUE,FALSE,https://www.coursehero.com/file/24004596/lec21-convex-hullpdf/,lec21-convex-hull.pdf,13,,Notes,,1.00001E+14,bliu88,2427,0.005356407,3/5/24 10:00,
1987258,1992034,Algorithms,451,15,78028,474155,AvrimBlum,0,AvrimBlum,474155,1937,https://www.coursehero.com/sitemap/schools/1937-Carnegie-Mellon-University/courses/1987258-15451/,1937,Carnegie Mellon University,1,Fall,1,2011,1992034,56235278,"15-451/651 Algorithms, Spring 2019Homework #2Due: February 5-8, 2019This is an oral presentation assignment. Again, there are three regular problems (#1-#3)and one programming problem (#4). You should work in groups of three. The sign-up sheetwill be",2/28/20 5:49,4,6de2fed4a826c51f5b336c4c5f75a237bfbf2735,TRUE,FALSE,https://www.coursehero.com/file/56235278/hw2pdf/,hw2.pdf,7,,Assignment,,1.00001E+14,PresidentSnow1689,1467,0.004771643,3/5/24 10:00,
1987258,6727999,Algorithm Design and Analysis,451,15,78028,143503,,0,,143503,1937,https://www.coursehero.com/sitemap/schools/1937-Carnegie-Mellon-University/courses/1987258-15451/,1937,Carnegie Mellon University,1,Fall,1,2016,6727999,25531343,"15-451/651: Design &amp; Analysis of AlgorithmsLecture #14: Linear Programming IMarch 2, 2016last changed: March 2, 2016In this lecture we describe a very general problem called linear programming that can be used toexpress a wide variety of different ki",9/30/17 18:35,7,6482ec37babc665be9a1a03843142761118b2ac8,TRUE,FALSE,https://www.coursehero.com/file/25531343/lec14-lp1pdf/,lec14-lp1.pdf,11,notes,Notes,Notes,1.00001E+14,tadeaaaa1211,2348,0.004684838,3/5/24 10:00,
1987258,1992034,Algorithms,451,15,78028,474155,AvrimBlum,0,AvrimBlum,474155,1937,https://www.coursehero.com/sitemap/schools/1937-Carnegie-Mellon-University/courses/1987258-15451/,1937,Carnegie Mellon University,1,Fall,1,2011,1992034,35890223,"15-451 Algorithms, Fall 2011Homework # 4Due: Tue-Thu, October 25-27, 2011Ground rules: This is an oral presentation assignment. You should work in groups of three. At somepoint before Saturday, October 22 at 11:59pm your group should sign up for a 1-",11/27/18 20:07,2,ccf11d88dcf2145f92a91103a4bd9dca08c80c4e,TRUE,FALSE,https://www.coursehero.com/file/35890223/h4pdf/,h4.pdf,9,homework,Assignment,Homework Help,1.00001E+14,goouxlkh,1925,0.004675325,3/5/24 10:00,
1987258,7111301,Algorithms,451,15,78028,143503,,0,,143503,1937,https://www.coursehero.com/sitemap/schools/1937-Carnegie-Mellon-University/courses/1987258-15451/,1937,Carnegie Mellon University,4,Summer,1,2017,7111301,24114418,"15-451 Algorithms, Spring 2017Recitation #7 WorksheetNetwork FlowExample of running Ford-Fulkerson: Here is a problem from the midterm in 2013.Consider the graph below.a8c6831s5t77b8dRun Ford-Fulkerson and show the final residual graph",7/20/17 17:14,2,57b1f34ed446fde9c109bc2721fe4d6d007e8e62,FALSE,FALSE,https://www.coursehero.com/file/24114418/reci7pdf/,reci7.pdf,11,,Other,,1.00001E+14,bliu88,2420,0.004545455,3/5/24 10:00,
1987258,7111301,Algorithms,451,15,78028,143503,,0,,143503,1937,https://www.coursehero.com/sitemap/schools/1937-Carnegie-Mellon-University/courses/1987258-15451/,1937,Carnegie Mellon University,4,Summer,1,2017,7111301,24004580,"15-451/651: Design &amp; Analysis of AlgorithmsLecture #27: Polynomials in Algorithm DesignMay 4, 2017last changed: May 4, 2017In this lecture, we will see some of the power of polynomials in algorithm design.Youve probably all seen polynomials before: e",7/13/17 16:46,8,7c52e5df3711a4a21a3bd57422347201801c77ac,TRUE,FALSE,https://www.coursehero.com/file/24004580/lec27-polynomialspdf/,lec27-polynomials.pdf,11,notes,Notes,Notes,1.00001E+14,bliu88,2427,0.004532344,3/5/24 10:00,
1987258,26790725,Algorithm Design and Analysis,451,15,78028,143503,,0,,143503,1937,https://www.coursehero.com/sitemap/schools/1937-Carnegie-Mellon-University/courses/1987258-15451/,1937,Carnegie Mellon University,1,Fall,1,2022,26790725,183405501,"15-451/651 Algorithms, Spring 2022Homework #7Due: Problems 1-3: April 25-27, others: April 29, 11:59pmThis is an oral presentation assignment. There are three regular problems (1  3) and oneprogramming problem (4), and a bonus problem (B7). The progr",12/10/22 12:47,3,00451b4f56b9f8670169a233686c197358021ebc,FALSE,FALSE,https://www.coursehero.com/file/183405501/22homework07pdf/,22homework07.pdf,2,,Assignment,,1.00001E+14,Algorithms_Lover,451,0.00443459,3/5/24 10:00,
1987258,26790725,Algorithm Design and Analysis,451,15,78028,143503,,0,,143503,1937,https://www.coursehero.com/sitemap/schools/1937-Carnegie-Mellon-University/courses/1987258-15451/,1937,Carnegie Mellon University,1,Fall,1,2022,26790725,183405298,"15-451/651 Algorithms, Spring 2022Homework #6Due: Thursday, April 14, 11:59pmThis HW has three regular written problems and one bonus problem. The collaborationpolicy on these problems is specified on each problem. Solutions to these problems shouldb",12/10/22 12:47,2,ec0e1ffc88444743d4cbf9f5390318178f4a31d5,FALSE,FALSE,https://www.coursehero.com/file/183405298/22homework06pdf/,22homework06.pdf,2,,Assignment,,1.00001E+14,Algorithms_Lover,451,0.00443459,3/5/24 10:00,
1987258,26790725,Algorithm Design and Analysis,451,15,78028,143503,,0,,143503,1937,https://www.coursehero.com/sitemap/schools/1937-Carnegie-Mellon-University/courses/1987258-15451/,1937,Carnegie Mellon University,1,Fall,1,2022,26790725,183311997,"15-451/651 Algorithms, Spring 2021Recitation #7 WorksheetRecap of this week's lectures: Max flow Zero-sum games, pure and mixed strategies, Von Neumann minimax theorem General-sum 2-player gamesPractice with Zero-Sum GamesConsider a zero-sum gam",12/9/22 23:24,4,88b37b13d05b374599b0796b3bc23cc5ef804f6c,TRUE,FALSE,https://www.coursehero.com/file/183311997/21recitation07solpdf/,21recitation07sol.pdf,2,,Notes,,1.00001E+14,Algorithms_Lover,452,0.004424779,3/5/24 10:00,
1987258,26790725,Algorithm Design and Analysis,451,15,78028,143503,,0,,143503,1937,https://www.coursehero.com/sitemap/schools/1937-Carnegie-Mellon-University/courses/1987258-15451/,1937,Carnegie Mellon University,1,Fall,1,2022,26790725,183311987,"15-451/651 Algorithms, Spring 2021Recitation #4 WorksheetRecap of this week's lectures: Picking a random prime, and the density of primes String equality testing and Karp-Rabin FingerprintingStreamingMissing Numbers: Suppose I give you a stream of",12/9/22 23:17,3,da83478a1f467ae8df4e7147da8e524236712aca,TRUE,FALSE,https://www.coursehero.com/file/183311987/21recitation04solpdf/,21recitation04sol.pdf,2,,Notes,,1.00001E+14,Algorithms_Lover,452,0.004424779,3/5/24 10:00,
1987258,26790725,Algorithm Design and Analysis,451,15,78028,143503,,0,,143503,1937,https://www.coursehero.com/sitemap/schools/1937-Carnegie-Mellon-University/courses/1987258-15451/,1937,Carnegie Mellon University,1,Fall,1,2022,26790725,183311913,"15-451/651 Algorithms, Spring 2021Recitation #2 WorksheetRecap of this week's lectures: Amortization (Binary Counter, Dictionary) Splay TreesBinary Counter Revisited: Suppose we are incrementing a binary counter, but insteadof each bit flip costin",12/9/22 23:17,4,55f02a59f2228fcdc61f73e5babff3c45bb071a5,TRUE,FALSE,https://www.coursehero.com/file/183311913/21recitation02solpdf/,21recitation02sol.pdf,2,,Assignment,,1.00001E+14,Algorithms_Lover,452,0.004424779,3/5/24 10:00,
1987258,26790725,Algorithm Design and Analysis,451,15,78028,143503,,0,,143503,1937,https://www.coursehero.com/sitemap/schools/1937-Carnegie-Mellon-University/courses/1987258-15451/,1937,Carnegie Mellon University,1,Fall,1,2022,26790725,183311866,"15-451/651 Algorithms, Spring 2021Homework #3Due: March 15, March 17This HW has three dynamic programming (DP) problems, and a bonus DP problem. Allproblems on written HWs are to be done individually, no collaboration is allowed. The written part is d",12/9/22 23:17,3,895c8d253eea637533e3684ba5923b763b16ea8c,FALSE,FALSE,https://www.coursehero.com/file/183311866/21homework03pdf/,21homework03.pdf,2,,Assignment,,1.00001E+14,Algorithms_Lover,452,0.004424779,3/5/24 10:00,
1987258,26790725,Algorithm Design and Analysis,451,15,78028,143503,,0,,143503,1937,https://www.coursehero.com/sitemap/schools/1937-Carnegie-Mellon-University/courses/1987258-15451/,1937,Carnegie Mellon University,1,Fall,1,2022,26790725,183311753,"15-451/651 Algorithms, Spring 2021Recitation #8 WorksheetRecap of this week's lectures: Linear ProgrammingReview: Seidel's AlgorithmAlgorithm 1 2D random incremental LP algorithmInput: m1 , m2 , h1 , h2 , . . . , hn , cOutput: 2D-LP(h1 , h2 , . . ",12/9/22 23:17,6,fe8852a2fcd65e0207f06c701f998fe2390df832,TRUE,FALSE,https://www.coursehero.com/file/183311753/21recitation08solpdf/,21recitation08sol.pdf,2,,Notes,,1.00001E+14,Algorithms_Lover,452,0.004424779,3/5/24 10:00,
1987258,1992034,Algorithms,451,15,78028,474155,AvrimBlum,0,AvrimBlum,474155,1937,https://www.coursehero.com/sitemap/schools/1937-Carnegie-Mellon-University/courses/1987258-15451/,1937,Carnegie Mellon University,1,Fall,1,2011,1992034,180625354,"15-451/651: Design &amp; Analysis of AlgorithmsLecture #11: Network Flows IOctober 6, 2022last changed: October 6, 2022In these next three lectures we are going to talk about an important algorithmic problem called the NetworkFlow Problem. Network flow i",11/27/22 0:43,9,0e6f190fba5671eea27b0a4b526636afed879a89,TRUE,FALSE,https://www.coursehero.com/file/180625354/lec11-flow1pdf/,lec11-flow1.pdf,2,,Notes,,1.00001E+14,MateWalrus2748,464,0.004310345,3/5/24 10:00,
1987258,1992034,Algorithms,451,15,78028,474155,AvrimBlum,0,AvrimBlum,474155,1937,https://www.coursehero.com/sitemap/schools/1937-Carnegie-Mellon-University/courses/1987258-15451/,1937,Carnegie Mellon University,1,Fall,1,2011,1992034,180625167,"15-451/651: Design &amp; Analysis of AlgorithmsLecture #9: Dynamic Programming ISeptember 29, 2022last changed: September 29, 2022Dynamic Programming is a powerful technique that often allows you to solve problems that seem like theyshould take exponenti",11/27/22 0:43,9,39aa5a6d36a417f8bc2e6f8905115ab96a6dcf76,TRUE,FALSE,https://www.coursehero.com/file/180625167/lec09-dp1pdf/,lec09-dp1.pdf,2,,Notes,,1.00001E+14,MateWalrus2748,464,0.004310345,3/5/24 10:00,
1987258,1992034,Algorithms,451,15,78028,474155,AvrimBlum,0,AvrimBlum,474155,1937,https://www.coursehero.com/sitemap/schools/1937-Carnegie-Mellon-University/courses/1987258-15451/,1937,Carnegie Mellon University,1,Fall,1,2011,1992034,180624810,"15-451/651: Design &amp; Analysis of AlgorithmsLecture #19: Approximation AlgorithmsNov 15, 2021last changed: November 14, 2022While we have good algorithms for many optimization problems, the unfortunate reality elucidated bytheoretical computer science",11/27/22 0:43,11,004ca3b9481304f0a5652c1e42fe12419386a367,FALSE,FALSE,https://www.coursehero.com/file/180624810/lec19-approxpdf/,lec19-approx.pdf,2,,Other,,1.00001E+14,MateWalrus2748,464,0.004310345,3/5/24 10:00,
1987258,1992034,Algorithms,451,15,78028,474155,AvrimBlum,0,AvrimBlum,474155,1937,https://www.coursehero.com/sitemap/schools/1937-Carnegie-Mellon-University/courses/1987258-15451/,1937,Carnegie Mellon University,1,Fall,1,2011,1992034,180624391,"15-451/651: Design &amp; Analysis of AlgorithmsLecture #19: Fundamentals of Computational GeometryNovember 22, 2022last changed: November 22, 2022Computational geometry is the design and analysis of algorithms for geometric problems that arise in lowdime",11/27/22 0:43,11,a996f2c26d21288f24f794124a3bd76d7bc0bfb5,TRUE,FALSE,https://www.coursehero.com/file/180624391/lec21-geometrypdf/,lec21-geometry.pdf,2,,Other,,1.00001E+14,MateWalrus2748,464,0.004310345,3/5/24 10:00,
1987258,1992034,Algorithms,451,15,78028,474155,AvrimBlum,0,AvrimBlum,474155,1937,https://www.coursehero.com/sitemap/schools/1937-Carnegie-Mellon-University/courses/1987258-15451/,1937,Carnegie Mellon University,1,Fall,1,2011,1992034,180624351,"15-451/651: Design &amp; Analysis of AlgorithmsLecture #18: Prediction from Expert AdviceNovember 10, 2022last changed: November 9, 2022Today we'll study the problem of making predictions based on expert advice. We will design and analyzea set of algorit",11/27/22 0:43,6,e3b4053759a6145b6aa03685be1c974d6b546e33,TRUE,FALSE,https://www.coursehero.com/file/180624351/lec18-expertspdf/,lec18-experts.pdf,2,,Notes,,1.00001E+14,MateWalrus2748,464,0.004310345,3/5/24 10:00,
1987258,1992034,Algorithms,451,15,78028,474155,AvrimBlum,0,AvrimBlum,474155,1937,https://www.coursehero.com/sitemap/schools/1937-Carnegie-Mellon-University/courses/1987258-15451/,1937,Carnegie Mellon University,1,Fall,1,2011,1992034,180624279,"15-451/651 Algorithm Design &amp; AnalysisFall 2022, Recitation #9Objectives Understand the analysis of the multiplicative weights algorithm by trying the analysiswith different weight update rules See how the experts framework and the multiplicative w",11/27/22 0:41,8,0b7c9054d515e0c3f8cffa75a5098359a0bc1980,TRUE,FALSE,https://www.coursehero.com/file/180624279/reci9pdf/,reci9.pdf,2,,Notes,,1.00001E+14,MateWalrus2748,464,0.004310345,3/5/24 10:00,
1987258,1992034,Algorithms,451,15,78028,474155,AvrimBlum,0,AvrimBlum,474155,1937,https://www.coursehero.com/sitemap/schools/1937-Carnegie-Mellon-University/courses/1987258-15451/,1937,Carnegie Mellon University,1,Fall,1,2011,1992034,180624268,"15-451/651: Design &amp; Analysis of AlgorithmsLecture #17: Online AlgorithmsMarch 24, 2022last changed: November 17, 2022Today we'll be looking at finding approximately-optimal solutions for problems where the difficulty is notthat the problem is necess",11/27/22 0:43,8,1e4bf68b8267da5d86763edecc65e46610eae535,TRUE,FALSE,https://www.coursehero.com/file/180624268/lec20-onlinepdf/,lec20-online.pdf,2,,Notes,,1.00001E+14,MateWalrus2748,464,0.004310345,3/5/24 10:00,
1987258,1992034,Algorithms,451,15,78028,474155,AvrimBlum,0,AvrimBlum,474155,1937,https://www.coursehero.com/sitemap/schools/1937-Carnegie-Mellon-University/courses/1987258-15451/,1937,Carnegie Mellon University,1,Fall,1,2011,1992034,180624006,"15-451/651 Algorithm Design &amp; AnalysisFall 2022, Recitation #8Objectives To review zero-sum games and how to determine their values and optimal strategies. To practice constructing the dual of a linear program. To explore the primal and dual relat",11/27/22 0:41,8,72443946be709fa739703308cc8d5408eee7186b,TRUE,FALSE,https://www.coursehero.com/file/180624006/reci8pdf/,reci8.pdf,2,,Assignment,,1.00001E+14,MateWalrus2748,464,0.004310345,3/5/24 10:00,
1987258,7111301,Algorithms,451,15,78028,143503,,0,,143503,1937,https://www.coursehero.com/sitemap/schools/1937-Carnegie-Mellon-University/courses/1987258-15451/,1937,Carnegie Mellon University,4,Summer,1,2017,7111301,24114466,"15-251: Great Theoretical Ideas in Computer ScienceNotes on Stable Matchings (draft!)Anupam GuptaJanuary 28, 2011There are n boys and n girls. The boys are called b1 , b2 , . . . , bn , and the girls are calledg1 , g2 , . . . , gn . Each boy has a ra",7/20/17 17:16,7,da8c78aa7884c3f659503f3879d4673b9bf4304c,TRUE,FALSE,https://www.coursehero.com/file/24114466/stablepdf/,stable.pdf,10,,Other,,1.00001E+14,bliu88,2420,0.004132231,3/5/24 10:00,
1987258,6727999,Algorithm Design and Analysis,451,15,78028,143503,,0,,143503,1937,https://www.coursehero.com/sitemap/schools/1937-Carnegie-Mellon-University/courses/1987258-15451/,1937,Carnegie Mellon University,1,Fall,1,2016,6727999,25531347,"15-451/651: Design &amp; Analysis of AlgorithmsLecture #10: Dynamic Programming IIFebruary 15, 2016last changed: February 14, 2016In this lecture we continue our discussion of dynamic programming, focusing on using it for avariety of path-finding problem",9/30/17 18:35,4,c68fcbc82bc9b6291c0cc5f4d00918f34d5a0df6,TRUE,FALSE,https://www.coursehero.com/file/25531347/lec10-dp2pdf/,lec10-dp2.pdf,9,notes,Notes,Notes,1.00001E+14,tadeaaaa1211,2348,0.003833049,3/5/24 10:00,
1987258,6727999,Algorithm Design and Analysis,451,15,78028,143503,,0,,143503,1937,https://www.coursehero.com/sitemap/schools/1937-Carnegie-Mellon-University/courses/1987258-15451/,1937,Carnegie Mellon University,1,Fall,1,2016,6727999,25531342,"15-451/651: AlgorithmsLecture #24: Computational Geometry IntroducitonLecturer: Danny Sleator1CMU, Spring 2016April 13, 2015IntroductionComputational geometry is the design and analysis of algorithms for geometric problems that ariseon low dimensi",9/30/17 18:35,10,c78ca8f81d9318ab5aa1e53ed131623c287b3742,TRUE,FALSE,https://www.coursehero.com/file/25531342/lec24-convex-hullpdf/,lec24-convex-hull.pdf,9,notes,Syllabus,Notes,1.00001E+14,tadeaaaa1211,2348,0.003833049,3/5/24 10:00,
1987258,7111301,Algorithms,451,15,78028,143503,,0,,143503,1937,https://www.coursehero.com/sitemap/schools/1937-Carnegie-Mellon-University/courses/1987258-15451/,1937,Carnegie Mellon University,4,Summer,1,2017,7111301,24114442,"15-451 Algorithms, Spring 2017Recitation #8 WorksheetA. Rock-Paper-Scissors with a Twist Suppose we have a non-standard game of rockpaper-scissors, which is still zero-sum, but with the following payoffs for the row player(Alice):Bob playsrpsAlice",7/20/17 17:14,4,78aa63a43668956dc12d7438ace3d2f3a6d4b376,TRUE,FALSE,https://www.coursehero.com/file/24114442/reci8pdf/,reci8.pdf,9,,Other,,1.00001E+14,bliu88,2420,0.003719008,3/5/24 10:00,
1987258,7111301,Algorithms,451,15,78028,143503,,0,,143503,1937,https://www.coursehero.com/sitemap/schools/1937-Carnegie-Mellon-University/courses/1987258-15451/,1937,Carnegie Mellon University,4,Summer,1,2017,7111301,24114424,"15-451 Algorithms, Spring 2017Recitation #10 WorksheetCounting Axis-Aligned Segment IntersectionsYoure given n vertical line segments in the plane and m horizontal ones. The problem isto count the number of intersections. The brute-force algorithm is ",7/20/17 17:14,2,c480445c7d5e447358d4fa27756bcfb99fa40eff,TRUE,FALSE,https://www.coursehero.com/file/24114424/reci10pdf/,reci10.pdf,9,,Other,,1.00001E+14,bliu88,2420,0.003719008,3/5/24 10:00,
1987258,7111301,Algorithms,451,15,78028,143503,,0,,143503,1937,https://www.coursehero.com/sitemap/schools/1937-Carnegie-Mellon-University/courses/1987258-15451/,1937,Carnegie Mellon University,4,Summer,1,2017,7111301,24114419,"15-451 Recitation 11Computational Geometry1 Setup and SweepYou are given a set S of n points with integer coordinates in the plane. You are also given maxis-alligned rectangles, the ith one specified by a pair of points ( xi , yi ), ( xi0 , yi0 ). ( x",7/20/17 17:14,2,4de9b9c53e39c48102999b076662c73295500bad,TRUE,FALSE,https://www.coursehero.com/file/24114419/reci11pdf/,reci11.pdf,9,,Other,,1.00001E+14,bliu88,2420,0.003719008,3/5/24 10:00,
1987258,1992034,Algorithms,451,15,78028,474155,AvrimBlum,0,AvrimBlum,474155,1937,https://www.coursehero.com/sitemap/schools/1937-Carnegie-Mellon-University/courses/1987258-15451/,1937,Carnegie Mellon University,1,Fall,1,2011,1992034,56234190,"15-451/651 Algorithms, Spring 2019Homework #6Due: April 9, 2019This HW has three regular problems and a programming assignment. All problems onthe HWs are to be done individually, no collaboration is allowed. Solutions to the writtenproblems should b",2/28/20 5:50,3,4386ddf8036b07464d34f46fe3b8d522071a41fe,FALSE,FALSE,https://www.coursehero.com/file/56234190/hw6pdf/,hw6.pdf,5,,Assignment,,1.00001E+14,PresidentSnow1689,1467,0.003408316,3/5/24 10:00,
1987258,1992034,Algorithms,451,15,78028,474155,AvrimBlum,0,AvrimBlum,474155,1937,https://www.coursehero.com/sitemap/schools/1937-Carnegie-Mellon-University/courses/1987258-15451/,1937,Carnegie Mellon University,1,Fall,1,2011,1992034,56234032,"15-451/651 Algorithms, Spring 2019Homework #1Due: January 30, 2019This HW has some exercises, three regular problems, one programming problem, and one bonus problem.All problems on written HWs are to be done individually, no collaboration is allowed.",2/28/20 5:49,4,ecbe270d56c4ed3b6615fa8f1d455ef7479e03c9,TRUE,FALSE,https://www.coursehero.com/file/56234032/hw1pdf/,hw1.pdf,5,,Assignment,,1.00001E+14,PresidentSnow1689,1467,0.003408316,3/5/24 10:00,
1987258,30530443,Algorithm Design and Analysis,451,15,78028,143503,,0,,143503,1937,https://www.coursehero.com/sitemap/schools/1937-Carnegie-Mellon-University/courses/1987258-15451/,1937,Carnegie Mellon University,3,Spring,1,2023,30530443,200979982,"15-451/651: Design &amp; Analysis of AlgorithmsLecture #11: Network Flows IFeb 23, 2023last changed: February 23, 2023In these next three lectures we are going to talk about an important algorithmic problem called theNetwork Flow Problem. Network flow is",4/26/23 17:51,11,9c11b6a5c9f21822d54ebc5540b40ca61d278921,TRUE,FALSE,https://www.coursehero.com/file/200979982/lec11-flow1pdf/,lec11-flow1.pdf,1,,,,1.00001E+14,PrivateSnow1537,314,0.003184713,3/5/24 10:00,
1987258,30530443,Algorithm Design and Analysis,451,15,78028,143503,,0,,143503,1937,https://www.coursehero.com/sitemap/schools/1937-Carnegie-Mellon-University/courses/1987258-15451/,1937,Carnegie Mellon University,3,Spring,1,2023,30530443,200979289,"15-451/651: Design &amp; Analysis of AlgorithmsLecture #9: Dynamic Programming IFebruary 16, 2023last changed: February 16, 2023Dynamic Programming is a powerful technique that often allows you to solve problems that seem like theyshould take exponential",4/26/23 17:44,12,dea0df7619a86a447ba1e4562bc8850c53c5e1ce,TRUE,FALSE,https://www.coursehero.com/file/200979289/lec09-dp1pdf/,lec09-dp1.pdf,1,,,,1.00001E+14,PrivateSnow1537,314,0.003184713,3/5/24 10:00,
1987258,30530443,Algorithm Design and Analysis,451,15,78028,143503,,0,,143503,1937,https://www.coursehero.com/sitemap/schools/1937-Carnegie-Mellon-University/courses/1987258-15451/,1937,Carnegie Mellon University,3,Spring,1,2023,30530443,200979217,"15-451/651: Design &amp; Analysis of AlgorithmsLecture #10: Dynamic Programming IIFebruary 21, 2023last changed: February 21, 2023In the previous lecture, we reviewed Dynamic Programming and saw how it can be applied to problemsabout sequences and trees.",4/26/23 17:44,7,c66c34616e43bacc336b3060d3cc00a22e9153f6,TRUE,FALSE,https://www.coursehero.com/file/200979217/lec10-dp2pdf/,lec10-dp2.pdf,1,,Notes,,1.00001E+14,PrivateSnow1537,314,0.003184713,3/5/24 10:00,
1987258,30530443,Algorithm Design and Analysis,451,15,78028,143503,,0,,143503,1937,https://www.coursehero.com/sitemap/schools/1937-Carnegie-Mellon-University/courses/1987258-15451/,1937,Carnegie Mellon University,3,Spring,1,2023,30530443,200979098,"15-451/651: Design &amp; Analysis of AlgorithmsLecture #2: Concrete models and tight upper/lower boundsSeptember 1, 2022last changed: January 18, 2023In this lecture, we will examine some simple, concrete models of computation, each with a precise definit",4/26/23 17:43,10,6ed07f2bff24f9a39e2bd23d6a08ae59c2f28194,TRUE,FALSE,https://www.coursehero.com/file/200979098/lec02-lowerbounds-1pdf/,lec02-lowerbounds (1).pdf,1,,Notes,,1.00001E+14,PrivateSnow1537,314,0.003184713,3/5/24 10:00,
1987258,1987258,Algorithms ,451,15,78028,474155,AvrimBlum,0,AvrimBlum,474155,1937,https://www.coursehero.com/sitemap/schools/1937-Carnegie-Mellon-University/courses/1987258-15451/,1937,Carnegie Mellon University,1,Fall,1,2009,1987258,9331657,"Lecture 2Asymptotic Analysis and Recurrences2.1 OverviewIn this lecture we discuss the notion of asymptotic analysis and introduce O, , , and o notation. We then turn to the topic of recurrences, discussing several methods for solving them. Recurrences",5/5/14 5:30,6,446d1bb879db8022ee36b3eda130d4652a0b8b96,FALSE,FALSE,https://www.coursehero.com/file/9331657/Lecture-Notes-2/,Lecture Notes 2,11,notes,Other,Notes,1.00001E+14,MasterDangerRabbit3360,3592,0.003062361,3/5/24 10:00,
1987258,7111301,Algorithms,451,15,78028,143503,,0,,143503,1937,https://www.coursehero.com/sitemap/schools/1937-Carnegie-Mellon-University/courses/1987258-15451/,1937,Carnegie Mellon University,4,Summer,1,2017,7111301,24114456,"15-251: Great Theoretical Ideas in Computer ScienceNotes on The Lambda Calculus (draft!)115251 StaffJanuary 29, 2012SyntaxLambda expressions are defined recursively as follows:Variable: a, b, c, . . . are lambda expressions.Abstraction: If e is a ",7/20/17 17:16,4,e7842653a72ece92bcd851955d98fae668ee6c6e,TRUE,FALSE,https://www.coursehero.com/file/24114456/lambda-calculuspdf/,lambda_calculus.pdf,7,,Other,,1.00001E+14,bliu88,2420,0.002892562,3/5/24 10:00,
1987258,7111301,Algorithms,451,15,78028,143503,,0,,143503,1937,https://www.coursehero.com/sitemap/schools/1937-Carnegie-Mellon-University/courses/1987258-15451/,1937,Carnegie Mellon University,4,Summer,1,2017,7111301,24114420,"15-451, Spring 2017, Recitation 12Competitive Analysis and Random Incremental Analysis1 Where to put the Safe?An office building has one safe where valuables are kept. There are two rooms in the buildingnumbered 1, 2. The distance between the rooms is",7/20/17 17:13,2,c8c74ccbf31c61128a4a6e39dd2e7471307d55a9,TRUE,FALSE,https://www.coursehero.com/file/24114420/reci12pdf/,reci12.pdf,6,,Other,,1.00001E+14,bliu88,2420,0.002479339,3/5/24 10:00,
1987258,7111301,Algorithms,451,15,78028,143503,,0,,143503,1937,https://www.coursehero.com/sitemap/schools/1937-Carnegie-Mellon-University/courses/1987258-15451/,1937,Carnegie Mellon University,4,Summer,1,2017,7111301,24004582,"15-451/651: Design &amp; Analysis of AlgorithmsLecture #26: Gradient DescentMay 2, 2017last changed: May 4, 2017In this lecture, we will study the gradient descent framework. This is a very general procedure to(approximately) minimize convex functions, a",7/13/17 16:47,8,eaf31beb0b76848d1f2608e31a2dd0316c735b85,TRUE,FALSE,https://www.coursehero.com/file/24004582/lec26-gradientpdf/,lec26-gradient.pdf,6,notes,Notes,Notes,1.00001E+14,bliu88,2427,0.002472188,3/5/24 10:00,
1987258,26790725,Algorithm Design and Analysis,451,15,78028,143503,,0,,143503,1937,https://www.coursehero.com/sitemap/schools/1937-Carnegie-Mellon-University/courses/1987258-15451/,1937,Carnegie Mellon University,1,Fall,1,2022,26790725,183311888,"15-451/651 Algorithms, Spring 2021Homework #4Due: March 25-28 for written, April 6 for programmingThis is an oral presentation assignment. Again, there are three regular problems (#1-#3)and one programming problem (#4). You should work in groups of th",12/9/22 23:17,4,fe418fa45b09dd94ba1bbf7eb4ac4855e5974d8a,FALSE,FALSE,https://www.coursehero.com/file/183311888/21homework04pdf/,21homework04.pdf,1,,Assignment,,1.00001E+14,Algorithms_Lover,452,0.002212389,3/5/24 10:00,
1987258,1992034,Algorithms,451,15,78028,474155,AvrimBlum,0,AvrimBlum,474155,1937,https://www.coursehero.com/sitemap/schools/1937-Carnegie-Mellon-University/courses/1987258-15451/,1937,Carnegie Mellon University,1,Fall,1,2011,1992034,180624852,"2RINGLOADINC2LOADINCRINGA*BeBI=4ofD2esC1A.C)1A, D1B,C)RING2LOADINGLINEARPROGRAM:let'sitcanA*Be=42ofDREQUESTS:BIesC1.(A. C)2.(A, D)3.(B,C)makebe 0,1)assumingvariablesRING2LOADINGLINEARPROGRA",11/27/22 0:42,25,b4ccadeb57878e3c600d71f4359fa94d392601f0,FALSE,FALSE,https://www.coursehero.com/file/180624852/reci10-kunalpdf/,reci10-kunal.pdf,1,,Other,,1.00001E+14,MateWalrus2748,464,0.002155172,3/5/24 10:00,
1987258,1992034,Algorithms,451,15,78028,474155,AvrimBlum,0,AvrimBlum,474155,1937,https://www.coursehero.com/sitemap/schools/1937-Carnegie-Mellon-University/courses/1987258-15451/,1937,Carnegie Mellon University,1,Fall,1,2011,1992034,180624838,"15-451/651: Design &amp; Analysis of AlgorithmsLecture #7: Fingerprinting and String MatchingSeptember 8, 2022last changed: September 19, 2022In today's lecture, we will talk about randomization and hashing in a slightly different way. In particular,we u",11/27/22 0:43,7,d104f28d6a1c1985cf60ecec5427d1356349f2f8,TRUE,FALSE,https://www.coursehero.com/file/180624838/lec07-fingerprintingpdf/,lec07-fingerprinting.pdf,1,,Notes,,1.00001E+14,MateWalrus2748,464,0.002155172,3/5/24 10:00,
1987258,1992034,Algorithms,451,15,78028,474155,AvrimBlum,0,AvrimBlum,474155,1937,https://www.coursehero.com/sitemap/schools/1937-Carnegie-Mellon-University/courses/1987258-15451/,1937,Carnegie Mellon University,1,Fall,1,2011,1992034,180624639,"15-451/651: Design &amp; Analysis of AlgorithmsLecture #6: Streaming AlgorithmsSeptember 15, 2022last changed: September 15, 2022Today we'll talk about a topic that is both very old (as far as computer science goes), and very current. It'sa model of comp",11/27/22 0:43,8,1cc8039e3de4add987043782d189016a72073206,TRUE,FALSE,https://www.coursehero.com/file/180624639/lec06-streamingpdf/,lec06-streaming.pdf,1,,Notes,,1.00001E+14,MateWalrus2748,464,0.002155172,3/5/24 10:00,
1987258,1992034,Algorithms,451,15,78028,474155,AvrimBlum,0,AvrimBlum,474155,1937,https://www.coursehero.com/sitemap/schools/1937-Carnegie-Mellon-University/courses/1987258-15451/,1937,Carnegie Mellon University,1,Fall,1,2011,1992034,180624606,"15-451/651 Algorithm Design &amp; AnalysisFall 2022, Recitation #6Objectives Practice using subset DP Understand max s-t flows and min s-t cuts, and how to model problems with themRecitation Problems1. (Acrobats) There are a collection of n acrobats w",11/27/22 0:41,7,4435689892b5f2db5d4044d006bdca289f20e628,FALSE,FALSE,https://www.coursehero.com/file/180624606/reci6pdf/,reci6.pdf,1,,Assignment,,1.00001E+14,MateWalrus2748,464,0.002155172,3/5/24 10:00,
1987258,1992034,Algorithms,451,15,78028,474155,AvrimBlum,0,AvrimBlum,474155,1937,https://www.coursehero.com/sitemap/schools/1937-Carnegie-Mellon-University/courses/1987258-15451/,1937,Carnegie Mellon University,1,Fall,1,2011,1992034,180624549,"15-451/651 Algorithm Design &amp; AnalysisFall 2022, Recitation #5Objectives Practice dynamic programming algorithms for sequences and trees (using small steps). Understand how to analyze the complexity of a dynamic programming algorithm. Understand a",11/27/22 0:41,8,317eb13562bb182f27f206da19f99458a9dad005,FALSE,FALSE,https://www.coursehero.com/file/180624549/reci5pdf/,reci5.pdf,1,,Notes,,1.00001E+14,MateWalrus2748,464,0.002155172,3/5/24 10:00,
1987258,1992034,Algorithms,451,15,78028,474155,AvrimBlum,0,AvrimBlum,474155,1937,https://www.coursehero.com/sitemap/schools/1937-Carnegie-Mellon-University/courses/1987258-15451/,1937,Carnegie Mellon University,1,Fall,1,2011,1992034,180624376,"15-451/651: Design &amp; Analysis of AlgorithmsLecture #3: Amortized AnalysisSeptember 6, 2022last changed: September 5, 2022In this lecture we discuss a useful form of analysis, called amortized analysis, for problems in which onemust perform a series o",11/27/22 0:43,9,6ed06900137085b8110f074ee82ce4a59c03756f,TRUE,FALSE,https://www.coursehero.com/file/180624376/lec03-amortizedpdf/,lec03-amortized.pdf,1,,Notes,,1.00001E+14,MateWalrus2748,464,0.002155172,3/5/24 10:00,
1987258,1992034,Algorithms,451,15,78028,474155,AvrimBlum,0,AvrimBlum,474155,1937,https://www.coursehero.com/sitemap/schools/1937-Carnegie-Mellon-University/courses/1987258-15451/,1937,Carnegie Mellon University,1,Fall,1,2011,1992034,180624306,"15-451/651: Design &amp; Analysis of AlgorithmsLecture #12: Network Flows IIOctober 11, 2022last changed: October 11, 2022The Ford-Fulkerson algorithm discussed in the last class takes time O(mF ), where F is the value of themaximum flow, when all capaci",11/27/22 0:43,6,9d2f75e71c2139425cd22f58b0ccabb3b8ffba8a,TRUE,FALSE,https://www.coursehero.com/file/180624306/lec12-flow2pdf/,lec12-flow2.pdf,1,,Notes,,1.00001E+14,MateWalrus2748,464,0.002155172,3/5/24 10:00,
1987258,1992034,Algorithms,451,15,78028,474155,AvrimBlum,0,AvrimBlum,474155,1937,https://www.coursehero.com/sitemap/schools/1937-Carnegie-Mellon-University/courses/1987258-15451/,1937,Carnegie Mellon University,1,Fall,1,2011,1992034,180624295,"15-451/651 Algorithm Design &amp; AnalysisFall 2022, Recitation #7Objectives To review the max flow algorithms we have learned and understand their differences. To practice analyzing properties of max flow algorithms. To see how we can use minimum-cos",11/27/22 0:41,8,fad6d519f0d99ee792ae26b2c11ee3507c0ecb80,FALSE,FALSE,https://www.coursehero.com/file/180624295/reci7pdf/,reci7.pdf,1,,Notes,,1.00001E+14,MateWalrus2748,464,0.002155172,3/5/24 10:00,
1987258,1992034,Algorithms,451,15,78028,474155,AvrimBlum,0,AvrimBlum,474155,1937,https://www.coursehero.com/sitemap/schools/1937-Carnegie-Mellon-University/courses/1987258-15451/,1937,Carnegie Mellon University,1,Fall,1,2011,1992034,180624271,"15-451/651: Design &amp; Analysis of AlgorithmsLecture #2: Concrete models and tight upper/lower boundsSeptember 1, 2022last changed: September 1, 2022In this lecture, we will examine some simple, concrete models of computation, each with a precise defini",11/27/22 0:43,9,7578c9d3f69c3446d7ed2e51b161dabdf62ffcca,TRUE,FALSE,https://www.coursehero.com/file/180624271/lec02-lowerboundspdf/,lec02-lowerbounds.pdf,1,,Notes,,1.00001E+14,MateWalrus2748,464,0.002155172,3/5/24 10:00,
1987258,1992034,Algorithms,451,15,78028,474155,AvrimBlum,0,AvrimBlum,474155,1937,https://www.coursehero.com/sitemap/schools/1937-Carnegie-Mellon-University/courses/1987258-15451/,1937,Carnegie Mellon University,1,Fall,1,2011,1992034,180624001,,11/27/22 0:41,10,9baf243217cfc9e50a960135a0f471b246c8f2be,FALSE,FALSE,https://www.coursehero.com/file/180624001/reci1pdf/,reci1.pdf,1,,Other,,1.00001E+14,MateWalrus2748,464,0.002155172,3/5/24 10:00,
1987258,1992034,Algorithms,451,15,78028,474155,AvrimBlum,0,AvrimBlum,474155,1937,https://www.coursehero.com/sitemap/schools/1937-Carnegie-Mellon-University/courses/1987258-15451/,1937,Carnegie Mellon University,1,Fall,1,2011,1992034,180623526,,11/27/22 0:41,9,625d2c9f2c28483958b83d04fff5f6d878fc8685,FALSE,FALSE,https://www.coursehero.com/file/180623526/reci2pdf/,reci2.pdf,1,,Other,,1.00001E+14,MateWalrus2748,464,0.002155172,3/5/24 10:00,
1987258,6727999,Algorithm Design and Analysis,451,15,78028,143503,,0,,143503,1937,https://www.coursehero.com/sitemap/schools/1937-Carnegie-Mellon-University/courses/1987258-15451/,1937,Carnegie Mellon University,1,Fall,1,2016,6727999,25531346,"15-451/651: Design &amp; Analysis of AlgorithmsLecture #4January 25, 2016last changed: January 25, 2016In todays lecture, we will discuss: binary search trees in general definition of splay trees analysis of splay treesThe analysis of splay trees uses",9/30/17 18:35,9,60764d6eb2a1d6b4158309d61df315148b78e392,TRUE,FALSE,https://www.coursehero.com/file/25531346/lec04pdf/,lec04.pdf,5,notes,Notes,Notes,1.00001E+14,tadeaaaa1211,2348,0.002129472,3/5/24 10:00,
1987258,1992034,Algorithms,451,15,78028,474155,AvrimBlum,0,AvrimBlum,474155,1937,https://www.coursehero.com/sitemap/schools/1937-Carnegie-Mellon-University/courses/1987258-15451/,1937,Carnegie Mellon University,1,Fall,1,2011,1992034,35901933,"15-451 Algorithms08/31/11RECITATION NOTES=The plan for today is to engage the class in solving severalhomework-style problems.PROBLEM #1: Balance factor, part 1Given a binary tree, the ""balance factor"" at a node is the height ofthe left subtree mi",11/28/18 7:58,2,0b4295c38adedbea155d1882c346b5505ded7f20,TRUE,FALSE,https://www.coursehero.com/file/35901933/rec0831pdf/,rec0831.pdf,4,notes,Notes,Notes,1.00001E+14,goouxlkh,1924,0.002079002,3/5/24 10:00,
1987258,1992034,Algorithms,451,15,78028,474155,AvrimBlum,0,AvrimBlum,474155,1937,https://www.coursehero.com/sitemap/schools/1937-Carnegie-Mellon-University/courses/1987258-15451/,1937,Carnegie Mellon University,1,Fall,1,2011,1992034,27824756,Lecture 2: Concrete Modelsand Tight Upper and LowerBoundsDavid WoodrufCarnegie Mellon UniversityTheme: Tight Upper and LowerBounds Number of comparisons to sort an array Number of exchanges to sort an array Number of comparisons needed to find th,1/23/18 13:05,24,0c770d18270061ab59bf4594a43ff678fa609926,TRUE,FALSE,https://www.coursehero.com/file/27824756/lec2pptx/,lec2.pptx,4,,Slides,,1.00001E+14,AgentNeutron2159,2233,0.001791312,3/5/24 10:00,
1987258,6727999,Algorithm Design and Analysis,451,15,78028,143503,,0,,143503,1937,https://www.coursehero.com/sitemap/schools/1937-Carnegie-Mellon-University/courses/1987258-15451/,1937,Carnegie Mellon University,1,Fall,1,2016,6727999,25531338,"15-451/651: Design &amp; Analysis of AlgorithmsLecture #2January 13, 2016last changed: January 13, 2016In this lecture, we will examine some simple, concrete models of computation, each with a precisedefinition of what counts as a step, and try to get ti",9/30/17 18:35,6,f4e9f368dbd370ef3bca4e4653de310b59fcf3dc,TRUE,FALSE,https://www.coursehero.com/file/25531338/lec02pdf/,lec02.pdf,2,notes,Notes,Notes,1.00001E+14,tadeaaaa1211,2348,0.000851789,3/5/24 10:00,
1987258,6727999,Algorithm Design and Analysis,451,15,78028,143503,,0,,143503,1937,https://www.coursehero.com/sitemap/schools/1937-Carnegie-Mellon-University/courses/1987258-15451/,1937,Carnegie Mellon University,1,Fall,1,2016,6727999,25531335,"15-451/651: Design &amp; Analysis of AlgorithmsLecture #8: Fingerprinting and String MatchingFebruary 8, 2016last changed: February 17, 2016In todays lecture, we will talk about randomization and hashing in a slightly different way. Inparticular, we use ",9/30/17 18:35,5,d3573efd0b0da5a3126bb5e70ce4c5cac7355fb1,TRUE,FALSE,https://www.coursehero.com/file/25531335/lec08pdf/,lec08.pdf,2,notes,Notes,Notes,1.00001E+14,tadeaaaa1211,2348,0.000851789,3/5/24 10:00,
1987258,34066186,Algorithms,451,15,78028,474155,AvrimBlum,0,AvrimBlum,474155,1937,https://www.coursehero.com/sitemap/schools/1937-Carnegie-Mellon-University/courses/1987258-15451/,1937,Carnegie Mellon University,1,Fall,1,2023,34066186,219458356,"rnahtpy She""def Pairsum(sequence): Maximum Sum: 10n : len(sequence) f Partition with Maximum Sum: [(1, 9)]sorted_sequence : sorted(sequence)sum1 , float( , ' )partition a for 1 in range(n):pair_sum 2 sorted_sequence[i]  sorted_sequence[if pair_s",11/26/23 17:38,1,b4102b678ea3bd0c7fac3e485d2589ec7b6bfcac,FALSE,FALSE,https://www.coursehero.com/file/219458356/ss1png/,ss1.png,0,,,,1.00001E+14,ColonelStar3923,100,0,3/5/24 10:00,
1987258,30530443,Algorithm Design and Analysis,451,15,78028,143503,,0,,143503,1937,https://www.coursehero.com/sitemap/schools/1937-Carnegie-Mellon-University/courses/1987258-15451/,1937,Carnegie Mellon University,3,Spring,1,2023,30530443,200979296,"15-451/651: Design &amp; Analysis of AlgorithmsLecture #6: Range query data structuresFeb 2, 2023last changed: February 22, 2023Today we are going to explore a class of data structures for performing range queries and see how they canbe applied to speed ",4/26/23 17:44,11,7aa4069a68669bb567e2ddc4baa2029f1b1e2d55,FALSE,FALSE,https://www.coursehero.com/file/200979296/lec06-segtreespdf/,lec06-segtrees.pdf,0,,,,1.00001E+14,PrivateSnow1537,314,0,3/5/24 10:00,
1987258,30530443,Algorithm Design and Analysis,451,15,78028,143503,,0,,143503,1937,https://www.coursehero.com/sitemap/schools/1937-Carnegie-Mellon-University/courses/1987258-15451/,1937,Carnegie Mellon University,3,Spring,1,2023,30530443,200979231,"15-451/651: Design &amp; Analysis of AlgorithmsLecture #4: Splay TreesJanuary 26, 2023last changed: January 25, 2023Today's lecture will focus on a very interesting case study of amortized analysis, a powerful binary searchtree (BST) data structure calle",4/26/23 17:44,11,32e15808dd05b524f1aa67a947eb11d92b56c228,FALSE,FALSE,https://www.coursehero.com/file/200979231/lec04-splaypdf/,lec04-splay.pdf,0,,,,1.00001E+14,PrivateSnow1537,314,0,3/5/24 10:00,
1987258,30530443,Algorithm Design and Analysis,451,15,78028,143503,,0,,143503,1937,https://www.coursehero.com/sitemap/schools/1937-Carnegie-Mellon-University/courses/1987258-15451/,1937,Carnegie Mellon University,3,Spring,1,2023,30530443,200979230,"15-451/651: Design &amp; Analysis of AlgorithmsLecture #5: HashingJanuary 31, 2023last changed: January 31, 2023Hashing is a great practical tool, with an interesting and subtle theory too. In addition to its use asa dictionary data structure, hashing al",4/26/23 17:44,9,d806650234b35769d3bcd416988e798022b4f570,FALSE,FALSE,https://www.coursehero.com/file/200979230/lec05-hashingpdf/,lec05-hashing.pdf,0,,Notes,,1.00001E+14,PrivateSnow1537,314,0,3/5/24 10:00,
1987258,30530443,Algorithm Design and Analysis,451,15,78028,143503,,0,,143503,1937,https://www.coursehero.com/sitemap/schools/1937-Carnegie-Mellon-University/courses/1987258-15451/,1937,Carnegie Mellon University,3,Spring,1,2023,30530443,200979222,"15-451/651: Design &amp; Analysis of AlgorithmsLecture #7: Streaming AlgorithmsFeb 6, 2023last changed: February 7, 2023Today we'll talk about a topic that is both very old (as far as computer science goes), and very current. It'sa model of computing whe",4/26/23 17:44,9,a0d713683f2c523cb2782009f3fa97bfcdc00bea,TRUE,FALSE,https://www.coursehero.com/file/200979222/lec07-streamingpdf/,lec07-streaming.pdf,0,,Notes,,1.00001E+14,PrivateSnow1537,314,0,3/5/24 10:00,
1987258,30530443,Algorithm Design and Analysis,451,15,78028,143503,,0,,143503,1937,https://www.coursehero.com/sitemap/schools/1937-Carnegie-Mellon-University/courses/1987258-15451/,1937,Carnegie Mellon University,3,Spring,1,2023,30530443,200978318,"15-451/651: Design &amp; Analysis of AlgorithmsLecture #1: Introduction and Linear-time SelectionJan 16, 2023last changed: January 17, 2023The purpose of this lecture is to give a brief overview of the topic of Algorithms and the kind ofthinking it invol",4/26/23 17:35,9,520011123b4b3bf0a84730ecee741b2e5da76b36,TRUE,FALSE,https://www.coursehero.com/file/200978318/lec01-selectionpdf/,lec01-selection.pdf,0,,Notes,,1.00001E+14,PrivateSnow1537,314,0,3/5/24 10:00,
1987258,1992034,Algorithms,451,15,78028,474155,AvrimBlum,0,AvrimBlum,474155,1937,https://www.coursehero.com/sitemap/schools/1937-Carnegie-Mellon-University/courses/1987258-15451/,1937,Carnegie Mellon University,1,Fall,1,2011,1992034,180624999,"15-451/651: Design &amp; Analysis of AlgorithmsLecture #10: Dynamic Programming IIOctober 4, 2022last changed: October 10, 2022In the previous lecture, we reviewed Dynamic Programming and saw how it can be applied to problemsabout sequences and trees. To",11/27/22 0:43,7,12ee48468d9e0758d41faaf60e952d25347c8800,FALSE,FALSE,https://www.coursehero.com/file/180624999/lec10-dp2pdf/,lec10-dp2.pdf,0,,Notes,,1.00001E+14,MateWalrus2748,464,0,3/5/24 10:00,
1987258,1992034,Algorithms,451,15,78028,474155,AvrimBlum,0,AvrimBlum,474155,1937,https://www.coursehero.com/sitemap/schools/1937-Carnegie-Mellon-University/courses/1987258-15451/,1937,Carnegie Mellon University,1,Fall,1,2011,1992034,180624684,"15-451/651: Design &amp; Analysis of AlgorithmsLecture #14: Game Theory, Zero-sum GamesOctober 25, 2022last changed: October 25, 2022In today's lecture, we'll talk about game theory and some of its connections to computer science. Gametheory is the study",11/27/22 0:43,12,3b428a24f321f9eec2b906edbc62a9404dfc5301,TRUE,FALSE,https://www.coursehero.com/file/180624684/lec14-gamespdf/,lec14-games.pdf,0,,Other,,1.00001E+14,MateWalrus2748,464,0,3/5/24 10:00,
1987258,1992034,Algorithms,451,15,78028,474155,AvrimBlum,0,AvrimBlum,474155,1937,https://www.coursehero.com/sitemap/schools/1937-Carnegie-Mellon-University/courses/1987258-15451/,1937,Carnegie Mellon University,1,Fall,1,2011,1992034,180624535,"November 3, 202215-451/651: Design &amp; Analysis of AlgorithmsLecture #16: Linear Programming IIIlast changed: November 3, 2022In this lecture we discuss the general notion of Linear Programming Duality, a powerful tool that can allowus to solve some li",11/27/22 0:43,8,d666a170a64feeebf7405f78a566695fbf870410,TRUE,FALSE,https://www.coursehero.com/file/180624535/lec17-lp3pdf/,lec17-lp3.pdf,0,,Notes,,1.00001E+14,MateWalrus2748,464,0,3/5/24 10:00,
1987258,1992034,Algorithms,451,15,78028,474155,AvrimBlum,0,AvrimBlum,474155,1937,https://www.coursehero.com/sitemap/schools/1937-Carnegie-Mellon-University/courses/1987258-15451/,1937,Carnegie Mellon University,1,Fall,1,2011,1992034,180624531,"15-451/651: Design &amp; Analysis of AlgorithmsLecture #11: Network Flows IIIOctober 13, 2022last changed: October 13, 2022We have so far discussed max flows, min cuts, their applications, and several algorithms for it. Today, weconsider a generalization",11/27/22 0:43,7,51d70635e02543fa88833f2bb4a3bfbc1fde1ce8,FALSE,FALSE,https://www.coursehero.com/file/180624531/lec13-flow3pdf/,lec13-flow3.pdf,0,,Notes,,1.00001E+14,MateWalrus2748,464,0,3/5/24 10:00,
1987258,1992034,Algorithms,451,15,78028,474155,AvrimBlum,0,AvrimBlum,474155,1937,https://www.coursehero.com/sitemap/schools/1937-Carnegie-Mellon-University/courses/1987258-15451/,1937,Carnegie Mellon University,1,Fall,1,2011,1992034,180624504,"15-451/651: Design &amp; Analysis of AlgorithmsLecture #13: Linear Programming IOctober 27, 2022last changed: October 27, 2022In this lecture, we describe a very general problem called linear programming that can be used to expressa wide variety of diffe",11/27/22 0:43,12,b97fd3c7d0da5922a1507f83c2a191d7b17cf8dc,TRUE,FALSE,https://www.coursehero.com/file/180624504/lec15-lp1pdf/,lec15-lp1.pdf,0,,Other,,1.00001E+14,MateWalrus2748,464,0,3/5/24 10:00,
1987258,1992034,Algorithms,451,15,78028,474155,AvrimBlum,0,AvrimBlum,474155,1937,https://www.coursehero.com/sitemap/schools/1937-Carnegie-Mellon-University/courses/1987258-15451/,1937,Carnegie Mellon University,1,Fall,1,2011,1992034,180624402,,11/27/22 0:41,8,0838fac1459ec3f2c9522ffcf68e8bf8691c7984,FALSE,FALSE,https://www.coursehero.com/file/180624402/reci3pdf/,reci3.pdf,0,,Other,,1.00001E+14,MateWalrus2748,464,0,3/5/24 10:00,
1987258,1992034,Algorithms,451,15,78028,474155,AvrimBlum,0,AvrimBlum,474155,1937,https://www.coursehero.com/sitemap/schools/1937-Carnegie-Mellon-University/courses/1987258-15451/,1937,Carnegie Mellon University,1,Fall,1,2011,1992034,180624378,"15-451/651: Design &amp; Analysis of AlgorithmsLecture #5: HashingSeptember 13, 2022last changed: September 12, 2022Hashing is a great practical tool, with an interesting and subtle theory too. In addition to its use asa dictionary data structure, hashin",11/27/22 0:43,9,4c53a6e47d5120901831181334632f4b8cf4007b,FALSE,FALSE,https://www.coursehero.com/file/180624378/lec05-hashingpdf/,lec05-hashing.pdf,0,,Notes,,1.00001E+14,MateWalrus2748,464,0,3/5/24 10:00,
1987258,1992034,Algorithms,451,15,78028,474155,AvrimBlum,0,AvrimBlum,474155,1937,https://www.coursehero.com/sitemap/schools/1937-Carnegie-Mellon-University/courses/1987258-15451/,1937,Carnegie Mellon University,1,Fall,1,2011,1992034,180624287,"15-451/651: Design &amp; Analysis of AlgorithmsLecture #8: Range query data structuresSeptember 22, 2022last changed: September 26, 2022Today we are going to explore a class of data structures for performing range queries and see how they canbe applied t",11/27/22 0:43,11,43966acf7f8bac0bb3996478e49f07cf1feeda94,TRUE,FALSE,https://www.coursehero.com/file/180624287/lec08-segtreespdf/,lec08-segtrees.pdf,0,,Other,,1.00001E+14,MateWalrus2748,464,0,3/5/24 10:00,
1987258,1992034,Algorithms,451,15,78028,474155,AvrimBlum,0,AvrimBlum,474155,1937,https://www.coursehero.com/sitemap/schools/1937-Carnegie-Mellon-University/courses/1987258-15451/,1937,Carnegie Mellon University,1,Fall,1,2011,1992034,180624264,"1ZERO-SUMGAMES1ZERO-SUMGAMES/IFrowColplayerplayerchooseschoosesstrategyTHENrowget-'12,Colgetsstrategy'12011GAMESZERO-SUMTHMif theplayerthe:PAYOFFrowusesplayerusesastrategy strategy Fandthe cot. .EXPECTED ",11/27/22 0:42,41,72dad3fa84c2708ac825e8cfea66bb72d5bbce3e,FALSE,FALSE,https://www.coursehero.com/file/180624264/reci8-kunalpdf/,reci8-kunal.pdf,0,,Other,,1.00001E+14,MateWalrus2748,464,0,3/5/24 10:00,
1987258,1992034,Algorithms,451,15,78028,474155,AvrimBlum,0,AvrimBlum,474155,1937,https://www.coursehero.com/sitemap/schools/1937-Carnegie-Mellon-University/courses/1987258-15451/,1937,Carnegie Mellon University,1,Fall,1,2011,1992034,180624162,"15-451/651: Design &amp; Analysis of AlgorithmsLecture #4: Splay TreesSeptember 8, 2022last changed: September 12, 2022Today's lecture will focus on a very interesting case study of amortized analysis, a powerful binary searchtree (BST) data structure ca",11/27/22 0:43,12,87d535c11d3ecdf6d576ab4a634cdc53de154f62,FALSE,FALSE,https://www.coursehero.com/file/180624162/lec04-splaypdf/,lec04-splay.pdf,0,,Other,,1.00001E+14,MateWalrus2748,464,0,3/5/24 10:00,
1987258,1992034,Algorithms,451,15,78028,474155,AvrimBlum,0,AvrimBlum,474155,1937,https://www.coursehero.com/sitemap/schools/1937-Carnegie-Mellon-University/courses/1987258-15451/,1937,Carnegie Mellon University,1,Fall,1,2011,1992034,180623978,,11/27/22 0:41,8,8e7e3de409e1780382a178d71890a1940733cda1,FALSE,FALSE,https://www.coursehero.com/file/180623978/reci4pdf/,reci4.pdf,0,,Other,,1.00001E+14,MateWalrus2748,464,0,3/5/24 10:00,