course.canonical_course_id,course.course_id,course.course_name,course.course_num,course.dept_acro,course.dept_id,course.prof_id,course.prof_name,course.professor.dept_id,course.professor.name,course.professor.prof_id,course.professor.school_id,course.resource_url,course.school_id,course.school_name,course.term,course.term_string,course.verified,course.year,course_id,db_filename,description,doc_date,document_pages.page_count,filehash,has_answers,resource_url,title,total_views,type,type_ml,type_string,user_id,username,diff_date,avg_views,base_date,excerpt_notes
2990448,35250644,Computer System Engineering,33,6,418252,144593,,0,,144593,1105,https://www.coursehero.com/sitemap/schools/1105-Massachusetts-Institute-of-Technology/courses/2990448-6033/,1105,Massachusetts Institute of Technology,3,Spring,1,2024,35250644,224612712,"3/3/2021BSTJ version of C.ACM Unix paperThe UNIX Time-Sharing System*D. M. Ritchie and K. ThompsonABSTRACTUnix is a general-purpose, multi-user, interactive operating system for the largerDigital Equipment Corporation PDP-11 and the Interdata 8/32 c",2/5/24 21:12,24,21a7756a64eeb674a5501df2c867c79363d132e0,FALSE,https://www.coursehero.com/file/224612712/BSTJ-version-of-CACM-Unix-paperpdf/,BSTJ version of C.ACM Unix paper.pdf,2,,,,1.00001E+14,SuperIronHamster5767,29,0.068965517,3/5/24 10:00,
2990448,35250644,Computer System Engineering,33,6,418252,144593,,0,,144593,1105,https://www.coursehero.com/sitemap/schools/1105-Massachusetts-Institute-of-Technology/courses/2990448-6033/,1105,Massachusetts Institute of Technology,3,Spring,1,2024,35250644,224612551,6.033 Spring 2021Lecture #7: Introduction to NetworkingKatrina's favorite lectureKatrina LaCurts | lacurts@mit.edu | 6.033 2021how do modules of a system communicate if they're on separate machines?clientserverClass BrowserClass Server(on machin,2/5/24 21:12,14,13596c3f3e2f3534f07dacaa5e8e7e75bfc551a8,TRUE,https://www.coursehero.com/file/224612551/s07-networkpdf/,s07 network.pdf,2,,,,1.00001E+14,SuperIronHamster5767,29,0.068965517,3/5/24 10:00,2nd rnd (2 cat
2990448,32642127,Computer System Engineering,33,6,418252,144593,,0,,144593,1105,https://www.coursehero.com/sitemap/schools/1105-Massachusetts-Institute-of-Technology/courses/2990448-6033/,1105,Massachusetts Institute of Technology,1,Fall,1,2023,32642127,220182371,6.1800 Spring 2023Lecture #19: Distributed Transactionsgetting atomicity across machinesKatrina LaCurts | lacurts@mit.edu | 6.1800 20236.1800 in the newshttps:/www.nytimes.com/interactive/2023/04/19/climate/seaweed-florida-sargassum.html6.1800 in ,12/3/23 11:58,21,b6e81f1177ba7356c39cf1b935e8f209020223a7,TRUE,https://www.coursehero.com/file/220182371/s19pdf/,s19.pdf,3,,,,1.00001E+14,KidThunder10421,93,0.032258065,3/5/24 10:00,3rd rnd (2 cat
2990448,32642127,Computer System Engineering,33,6,418252,144593,,0,,144593,1105,https://www.coursehero.com/sitemap/schools/1105-Massachusetts-Institute-of-Technology/courses/2990448-6033/,1105,Massachusetts Institute of Technology,1,Fall,1,2023,32642127,211952032,6.033 systems critique: preparation worksheetPaperMapReduceSummary ofsystem: What is it?What does it do?Does MapReducerespond to aprevious system?What problem issolved byMapReduce?What are themodules of thesystem? How dothey interact?Desig,9/15/23 0:50,3,050de46369ca4758f7916c2bcde7334ab8542cbf,FALSE,https://www.coursehero.com/file/211952032/4c7f271a57d11aabe20056c36c3143fc-MIT6-033S18-Crit2Worksheetpdf/,4c7f271a57d11aabe20056c36c3143fc_MIT6_033S18_Crit2Worksheet.pdf,4,,Assignment,,1.00001E+14,ProfRhinocerosMaster900,172,0.023255814,3/5/24 10:00,
2990448,28859967,Computer System Engineering,33,6,418252,144593,,0,,144593,1105,https://www.coursehero.com/sitemap/schools/1105-Massachusetts-Institute-of-Technology/courses/2990448-6033/,1105,Massachusetts Institute of Technology,3,Spring,1,2023,28859967,198315029,"Page 1 of 126.033 Spring 2015, Quiz 1Department of Electrical Engineering and Computer ScienceMASSACHUSETTS INSTITUTE OF TECHNOLOGY6.033 Computer Systems Engineering: Spring 2015Quiz IThere are 16 questions and 12 pages in this quiz booklet. Answer ",4/6/23 15:12,12,0566a863cdc92174fd8374b4d03b0b1a15474b93,TRUE,https://www.coursehero.com/file/198315029/2015-quizpdf/,2015 quiz.pdf,7,,,,1.00001E+14,bjyh2004,334,0.020958084,3/5/24 10:00,
2990448,2990448,Computer System Engineering,33,6,418252,144593,,0,,144593,1105,https://www.coursehero.com/sitemap/schools/1105-Massachusetts-Institute-of-Technology/courses/2990448-6033/,1105,Massachusetts Institute of Technology,3,Spring,1,2014,2990448,140499248,"'We Did NothWhy Software Quality MaC A S EA109D I S S E C T I O Nhing Wrong'attersAs software spreads from computers to the engines ofautomobiles to robots in factories to X-ray machinesin hospitals, defects are no longer a problem to bemanage",4/5/22 15:30,16,3ea999ecfcc0f318a31ca176db20796fa069b5ab,FALSE,https://www.coursehero.com/file/140499248/Rec1-We-Did-Nothing-Wrongpdf/,Rec1 - We Did Nothing Wrong.pdf,13,,Other,,1.00001E+14,GeneralWorldMoose15,700,0.018571429,3/5/24 10:00,
2990448,2990448,Computer System Engineering,33,6,418252,144593,,0,,144593,1105,https://www.coursehero.com/sitemap/schools/1105-Massachusetts-Institute-of-Technology/courses/2990448-6033/,1105,Massachusetts Institute of Technology,3,Spring,1,2014,2990448,132920450,"2022 6.033 Design Project:Centertown, MA, Cooperative Electric UtilitySee also DP FAQ and DP ErrataDue Dates and DeliverablesThere are five deliverables for this design project:1) DP Prep (DPP): In order to help you prepare with your team design effo",2/28/22 18:44,12,ea3da3c16586706ccc34cd6d850bead471033cf1,FALSE,https://www.coursehero.com/file/132920450/dppdf/,dp.pdf,12,,Notes,,1.00001E+14,ColonelFang343,736,0.016304348,3/5/24 10:00,
2990448,4561617,Computer System Engineering,33,6,418252,424094,Boyd,0,Boyd,424094,1105,https://www.coursehero.com/sitemap/schools/1105-Massachusetts-Institute-of-Technology/courses/2990448-6033/,1105,Massachusetts Institute of Technology,1,Fall,0,2015,4561617,11830869,"BOS4002 Practical 1BOS4002 Practical 1 Section A: System Center Configuration Manager 2007ObjectivesBy the end of this week, you should be able to do the following: List tasks a systems administrator can perform with System Center Configuration Manage",8/2/15 10:41,16,e239bc439b6064854262734e0878a50c0c77076b,FALSE,https://www.coursehero.com/file/11830869/BOS4002-Practical-Worksheet-1/,BOS4002 Practical Worksheet 1,51,homework,Notes,Homework Help,1.00001E+14,mavmarvin,3138,0.01625239,3/5/24 10:00,Unrelevant (BOS4002
2990448,28859967,Computer System Engineering,33,6,418252,144593,,0,,144593,1105,https://www.coursehero.com/sitemap/schools/1105-Massachusetts-Institute-of-Technology/courses/2990448-6033/,1105,Massachusetts Institute of Technology,3,Spring,1,2023,28859967,199319046,"this class used to be numbered 6.033, andran under that number for literal decades(since before I was born!), so please forgivethe sta when we inevitably slip uppronounce this ""six one eighty"" (trust me)6.1800 Spring 2023Lecture #1: Complexity, modu",4/14/23 9:22,58,672f864d401fbcea9d740313852bb4ad4a81a00a,TRUE,https://www.coursehero.com/file/199319046/s01-longpdf/,s01-long.pdf,5,,,,1.00001E+14,ChancellorWater13858,326,0.015337423,3/5/24 10:00,
2990448,2990448,Computer System Engineering,33,6,418252,144593,,0,,144593,1105,https://www.coursehero.com/sitemap/schools/1105-Massachusetts-Institute-of-Technology/courses/2990448-6033/,1105,Massachusetts Institute of Technology,3,Spring,1,2014,2990448,81646544,logo.pdfDepartment of Electrical Engineering and Computer ScienceMASSACHUSETTS INSTITUTE OF TECHNOLOGY6.033 Computer Systems Engineering: Spring 2018Quiz IThere are 15 questions and 11 pages in this quiz booklet. Answer each question according to the,2/21/21 2:45,11,b9887e2b44fa61477e1ce3bb55501d3a794273be,TRUE,https://www.coursehero.com/file/81646544/q18-1pdf/,q18_1.pdf,14,,Test,,1.00001E+14,mintchip9,1108,0.012635379,3/5/24 10:00,
2990448,28859967,Computer System Engineering,33,6,418252,144593,,0,,144593,1105,https://www.coursehero.com/sitemap/schools/1105-Massachusetts-Institute-of-Technology/courses/2990448-6033/,1105,Massachusetts Institute of Technology,3,Spring,1,2023,28859967,199318853,"6.1800 Spring 2023Lecture #3: Virtual Memoryhow does it work, but more importantly, why does an OS use it?Katrina LaCurts | lacurts@mit.edu | 6.1800 20236.1800 in the newsflhttps:/twitter.com/Cloud areRadar/status/1624982643874865152Katrina LaCurt",4/14/23 9:21,106,00685f0770da4dccc3c367163446e32371c9243b,FALSE,https://www.coursehero.com/file/199318853/s03-longpdf/,s03-long.pdf,4,,,,1.00001E+14,ChancellorWater13858,326,0.012269939,3/5/24 10:00,
2990448,2990448,Computer System Engineering,33,6,418252,144593,,0,,144593,1105,https://www.coursehero.com/sitemap/schools/1105-Massachusetts-Institute-of-Technology/courses/2990448-6033/,1105,Massachusetts Institute of Technology,3,Spring,1,2014,2990448,140499623,"THE$DESIGN$PHILOSOPHY$OF$THE$DARPA$INTERNET$PROTOCOLS$David$D.$Clark$Massachusetts$Institute$of$Technology$Laboratory$for$Computer$Science$(now$CSAIL)$Cambridge,$Ma.$02139$$$This%paper%was%originally%published%in%1988%in%ACM%SigComm.%Revised,%with",4/5/22 15:30,29,229038103a3a44b7b97b7f25e232162869025ac4,FALSE,https://www.coursehero.com/file/140499623/Rec10-DARPApdf/,Rec10 - DARPA.pdf,7,,Other,,1.00001E+14,GeneralWorldMoose15,700,0.01,3/5/24 10:00,
2990448,2990448,Computer System Engineering,33,6,418252,144593,,0,,144593,1105,https://www.coursehero.com/sitemap/schools/1105-Massachusetts-Institute-of-Technology/courses/2990448-6033/,1105,Massachusetts Institute of Technology,3,Spring,1,2014,2990448,132920763,"6.033 DP Preliminary Report Assignment, Spring 2022Due: March 18th 2022, 5:00pmLength: 2750 wordsSubmit: On Canvas, as a team; also submit your Change Matrix as a separate assignmentThe preliminary report in 6.033 has several purposes: to provide a fr",2/28/22 18:46,2,565549b5abe230463021d7ecea3311ca59117b1c,FALSE,https://www.coursehero.com/file/132920763/dpprpdf/,dppr.pdf,7,,Assignment,,1.00001E+14,ColonelFang343,736,0.00951087,3/5/24 10:00,
2990448,28859967,Computer System Engineering,33,6,418252,144593,,0,,144593,1105,https://www.coursehero.com/sitemap/schools/1105-Massachusetts-Institute-of-Technology/courses/2990448-6033/,1105,Massachusetts Institute of Technology,3,Spring,1,2023,28859967,199318542,"6.1800 Spring 2023Lecture #5: Threadsunderstanding the ""most mysterious code"" in an OSKatrina LaCurts | lacurts@mit.edu | 6.1800 20236.1800 in the newshttps:/www.unicode.org/L2/L2021/21075-heart-emoji-coverage.pdfKatrina LaCurts | lacurts@mit.edu |",4/14/23 9:21,66,aa13961e5ae8a114b605b91cddf3dbab2be561b9,FALSE,https://www.coursehero.com/file/199318542/s05-longpdf/,s05-long.pdf,3,,,,1.00001E+14,ChancellorWater13858,326,0.009202454,3/5/24 10:00,
2990448,2990448,Computer System Engineering,33,6,418252,144593,,0,,144593,1105,https://www.coursehero.com/sitemap/schools/1105-Massachusetts-Institute-of-Technology/courses/2990448-6033/,1105,Massachusetts Institute of Technology,3,Spring,1,2014,2990448,140499317,"The Google File SystemSanjay Ghemawat, Howard Gobioff, and Shun-Tak LeungGoogleABSTRACT1. INTRODUCTIONWe have designed and implemented the Google File System, a scalable distributed file system for large distributeddata-intensive applications. It p",4/5/22 15:30,15,047b23bf9021ab66e734fa60873f8b3d0641b83c,FALSE,https://www.coursehero.com/file/140499317/Rec14-GFSpdf/,Rec14 - GFS.pdf,6,,Other,,1.00001E+14,GeneralWorldMoose15,700,0.008571429,3/5/24 10:00,
2990448,2990448,Computer System Engineering,33,6,418252,144593,,0,,144593,1105,https://www.coursehero.com/sitemap/schools/1105-Massachusetts-Institute-of-Technology/courses/2990448-6033/,1105,Massachusetts Institute of Technology,3,Spring,1,2014,2990448,132920332,"6.033 Impact Framework, Spring 2022Based on the Ethical Computing Protocol, created by Abby Everett Jaques and MiloPhillips-BrownPreambleThe 6.033 Impact Framework is based on the Ethical Computing Protocol, created by AbbyEverett Jaques and Milo Phi",2/28/22 18:45,7,80d07dd8bf6972be071b08418f4bf28939b79a6e,TRUE,https://www.coursehero.com/file/132920332/ifpdf/,if.pdf,6,,Notes,,1.00001E+14,ColonelFang343,736,0.008152174,3/5/24 10:00,
2990448,28859967,Computer System Engineering,33,6,418252,144593,,0,,144593,1105,https://www.coursehero.com/sitemap/schools/1105-Massachusetts-Institute-of-Technology/courses/2990448-6033/,1105,Massachusetts Institute of Technology,3,Spring,1,2023,28859967,191894074,"Page 1 of 146.033 Spring 2014, Quiz 1Department of Electrical Engineering and Computer ScienceMASSACHUSETTS INSTITUTE OF TECHNOLOGY6.033 Computer Systems Engineering: Spring 2014Quiz IThere are 19 questions and 14 pages in this quiz booklet. Answer ",2/18/23 12:36,14,8606987de9b2722dd58ce38a60868fd8c47be4a5,TRUE,https://www.coursehero.com/file/191894074/q14-1pdf/,q14_1.pdf,3,,,,1.00001E+14,bjyh2004,381,0.007874016,3/5/24 10:00,
2990448,28859967,Computer System Engineering,33,6,418252,144593,,0,,144593,1105,https://www.coursehero.com/sitemap/schools/1105-Massachusetts-Institute-of-Technology/courses/2990448-6033/,1105,Massachusetts Institute of Technology,3,Spring,1,2023,28859967,199318306,6.1800 Spring 2023Lecture #2: Namingplus a case-study on DNSKatrina LaCurts | lacurts@mit.edu | 6.1800 20236.1800 in the newsKatrina LaCurts | lacurts@mit.edu | 6.1800 20236.1800 in the newssource: https:/twitter.com/MosquitoCapital/status/159354,4/14/23 9:21,60,17bcc8cdf034b526fa30dd53f23d45124ca7d0d3,FALSE,https://www.coursehero.com/file/199318306/s02-longpdf/,s02-long.pdf,2,,,,1.00001E+14,ChancellorWater13858,326,0.006134969,3/5/24 10:00,
2990448,32642127,Computer System Engineering,33,6,418252,144593,,0,,144593,1105,https://www.coursehero.com/sitemap/schools/1105-Massachusetts-Institute-of-Technology/courses/2990448-6033/,1105,Massachusetts Institute of Technology,1,Fall,1,2023,32642127,211952074,"6.033	systems	critique:	preparation	worksheet			Paper		Summary	of	system:	What	is	it?	What	does	it	do?				Does	MapReduce	respond	to	a	previous	system?	What	problem	is	solved	by	MapReduce?		What	are	the	modules	of	the	system?	How	do	th",9/15/23 0:50,3,a5ca681cb598fc6c2e4e521e3558b82c50819c2e,FALSE,https://www.coursehero.com/file/211952074/35980840d44ecd95ad8eec4fda5f3030-MIT6-033S18-Crit2Worksheet-1pdf/,35980840d44ecd95ad8eec4fda5f3030_MIT6_033S18_Crit2Worksheet (1).pdf,1,,Assignment,,1.00001E+14,ProfRhinocerosMaster900,172,0.005813953,3/5/24 10:00,
2990448,32642127,Computer System Engineering,33,6,418252,144593,,0,,144593,1105,https://www.coursehero.com/sitemap/schools/1105-Massachusetts-Institute-of-Technology/courses/2990448-6033/,1105,Massachusetts Institute of Technology,1,Fall,1,2023,32642127,211952063,6.033 systems critique: preparation worksheetPaperDNSSummary ofsystem: What is it?What does it do?Does DNS respondto a previoussystem? Whatproblem is solvedby DNS?What are themodules of thesystem? How dothey interact?Design goals (useevide,9/15/23 0:50,4,2a773b0dac04b6be5e7b4ee30fc51f581e7ec2a6,FALSE,https://www.coursehero.com/file/211952063/1795776fcbb70fb120df9c6a06d6c717-MIT6-033S18-Crit1Worksheetpdf/,1795776fcbb70fb120df9c6a06d6c717_MIT6_033S18_Crit1Worksheet.pdf,1,,Assignment,,1.00001E+14,ProfRhinocerosMaster900,172,0.005813953,3/5/24 10:00,
2990448,2990448,Computer System Engineering,33,6,418252,144593,,0,,144593,1105,https://www.coursehero.com/sitemap/schools/1105-Massachusetts-Institute-of-Technology/courses/2990448-6033/,1105,Massachusetts Institute of Technology,3,Spring,1,2014,2990448,140502040,"The Akamai Network: A Platform for High-PerformanceInternet ApplicationsErik NygrenRamesh K. SitaramanJennifer SunAkamai Technologies, 8 Cambridge Center, Cambridge, MA 02142{nygren, ramesh}@akamai.com, jennifer_sun@post.harvard.eduDepartment of Co",4/5/22 15:30,18,d16bbb92a3fdd8a37e2f35c3237911029f768893,FALSE,https://www.coursehero.com/file/140502040/Rec12-Akamaipdf/,Rec12 - Akamai.pdf,4,,Other,,1.00001E+14,GeneralWorldMoose15,700,0.005714286,3/5/24 10:00,
2990448,2990448,Computer System Engineering,33,6,418252,144593,,0,,144593,1105,https://www.coursehero.com/sitemap/schools/1105-Massachusetts-Institute-of-Technology/courses/2990448-6033/,1105,Massachusetts Institute of Technology,3,Spring,1,2014,2990448,140499084,"4.4 Case Study: The Internet Domain Name System (DNS) 175The subsystems that address these topics are interesting systems in their own rightand are case studies of managing complexity. Typically, these subsystems are internallystructured as client/serv",4/5/22 15:30,10,3e1e09a1be3d72ee4a724961fc02bcc19a4d9c29,TRUE,https://www.coursehero.com/file/140499084/Rec2-DNSpdf/,Rec2 - DNS.pdf,4,,Notes,,1.00001E+14,GeneralWorldMoose15,700,0.005714286,3/5/24 10:00,
2990448,10173722,Computer System Engineering,33,6,418252,144593,,0,,144593,1105,https://www.coursehero.com/sitemap/schools/1105-Massachusetts-Institute-of-Technology/courses/2990448-6033/,1105,Massachusetts Institute of Technology,3,Spring,0,2019,10173722,39839553,6.033 Spring 2019Lecture #8Introduction to Networking6.033 | spring 2019 | lacurts@mit.eduwhat is a network?6.033 | spring 2019 | lacurts@mit.eduwhat is a network?end pointswitchlink6.033 | spring 2019 | lacurts@mit.eduwhat is a network?e,4/4/19 22:37,17,c8860981eced88957f5ea2716947b8da0ecb5082,TRUE,https://www.coursehero.com/file/39839553/s08pdf/,s08.pdf,10,,Slides,,1.00001E+14,plahera,1797,0.00556483,3/5/24 10:00,
2990448,2990448,Computer System Engineering,33,6,418252,144593,,0,,144593,1105,https://www.coursehero.com/sitemap/schools/1105-Massachusetts-Institute-of-Technology/courses/2990448-6033/,1105,Massachusetts Institute of Technology,3,Spring,1,2014,2990448,140499599,"Resilient Overlay NetworksDavid Andersen, Hari Balakrishnan, Frans Kaashoek, and Robert MorrisMIT Laboratory for Computer Scienceron@nms.lcs.mit.eduhttp:/nms.lcs.mit.edu/ron/AbstractA Resilient Overlay Network (RON) is an architecture that allowsdi",4/5/22 15:30,15,bb830afdeb06018e1d2ddc78f546ba1899ab3312,FALSE,https://www.coursehero.com/file/140499599/Rec9-Overlay-Networkspdf/,Rec9 - Overlay Networks.pdf,3,,Other,,1.00001E+14,GeneralWorldMoose15,700,0.004285714,3/5/24 10:00,
2990448,2990448,Computer System Engineering,33,6,418252,144593,,0,,144593,1105,https://www.coursehero.com/sitemap/schools/1105-Massachusetts-Institute-of-Technology/courses/2990448-6033/,1105,Massachusetts Institute of Technology,3,Spring,1,2014,2990448,132920540,"6.033 DP Prep Assignment, Spring 2022Due: February 25th, 2022Length: 750-1000 wordsSubmit: On CanvasIntroductionThe DP Prep assignment is the first Design Project deliverable. This assignment is anopportunity for you to engage with the DP Spec and t",2/28/22 18:45,2,3ddcc27bfab60b163b1a469e0c8ab2e6783755ec,FALSE,https://www.coursehero.com/file/132920540/dp-preppdf/,dp_prep.pdf,3,,Assignment,,1.00001E+14,ColonelFang343,736,0.004076087,3/5/24 10:00,
2990448,2990448,Computer System Engineering,33,6,418252,144593,,0,,144593,1105,https://www.coursehero.com/sitemap/schools/1105-Massachusetts-Institute-of-Technology/courses/2990448-6033/,1105,Massachusetts Institute of Technology,3,Spring,1,2014,2990448,34740628,"6.033 Spring 2018Lecture #18Distributed transactions Multi-site atomicity Two-phase commit16.033 | spring 2018 | Katrina LaCurtsgoal: build reliable systems from unreliable componentsthe abstraction that makes that easier istransactions, which pr",10/11/18 3:17,26,7080f943747ce6cbeaffa9ef550082a701c6e6c3,FALSE,https://www.coursehero.com/file/34740628/MIT6-033S18lec18pdf/,MIT6_033S18lec18.pdf,7,notes,Slides,Notes,1.00001E+14,taliawho,1972,0.003549696,3/5/24 10:00,
2990448,10173722,Computer System Engineering,33,6,418252,144593,,0,,144593,1105,https://www.coursehero.com/sitemap/schools/1105-Massachusetts-Institute-of-Technology/courses/2990448-6033/,1105,Massachusetts Institute of Technology,3,Spring,0,2019,10173722,39839539,"6.033 Spring 2019Lecture #10Scalable RoutingPolicy RoutingBGP6.033 | spring 2019 | lacurts@mit.eduInternet of ProblemsHow do we route (and address)scalably, while dealing withissues of policy and economy?BGPHow do we transport datascala",4/4/19 22:37,12,bd281b38b6575f5ee9c14dcd2cfe1cb1e95bfe7d,TRUE,https://www.coursehero.com/file/39839539/s10pdf/,s10.pdf,6,,Slides,,1.00001E+14,plahera,1797,0.003338898,3/5/24 10:00,
2990448,10173722,Computer System Engineering,33,6,418252,144593,,0,,144593,1105,https://www.coursehero.com/sitemap/schools/1105-Massachusetts-Institute-of-Technology/courses/2990448-6033/,1105,Massachusetts Institute of Technology,3,Spring,0,2019,10173722,39839518,Department of Electrical Engineering and Computer ScienceMASSACHUSETTS INSTITUTE OF TECHNOLOGY6.033 Computer Systems Engineering: Spring 2016Quiz IThere are 15 questions and ? pages in this quiz booklet. Answer each question according to theinstructi,4/4/19 22:56,13,67dfb8673a64edec48c562caf3fd3fcdf64c9794,TRUE,https://www.coursehero.com/file/39839518/s16-1pdf/,s16_1.pdf,6,,Test,,1.00001E+14,plahera,1797,0.003338898,3/5/24 10:00,
2990448,28859967,Computer System Engineering,33,6,418252,144593,,0,,144593,1105,https://www.coursehero.com/sitemap/schools/1105-Massachusetts-Institute-of-Technology/courses/2990448-6033/,1105,Massachusetts Institute of Technology,3,Spring,1,2023,28859967,199318537,"Each 6.1800 lecture will come with an outline. You can fill this in during lecture, after lecture, ornot at all  it's entirely up to you how you use it. The goal of these outlines is to help youunderstand the main points that you should be taking away ",4/14/23 9:21,1,e8fe6ac91849c974dffc43267ce24b40946a2b10,FALSE,https://www.coursehero.com/file/199318537/l04pdf/,l04.pdf,1,,Notes,,1.00001E+14,ChancellorWater13858,326,0.003067485,3/5/24 10:00,
2990448,28859967,Computer System Engineering,33,6,418252,144593,,0,,144593,1105,https://www.coursehero.com/sitemap/schools/1105-Massachusetts-Institute-of-Technology/courses/2990448-6033/,1105,Massachusetts Institute of Technology,3,Spring,1,2023,28859967,199318201,"Each 6.1800 lecture will come with an outline. You can fill this in during lecture, after lecture, ornot at all  it's entirely up to you how you use it. The goal of these outlines is to help youunderstand the main points that you should be taking away ",4/14/23 9:21,1,ca860a1718b24068290693e60d92fa215d502e5c,FALSE,https://www.coursehero.com/file/199318201/l02pdf/,l02.pdf,1,,Syllabus,,1.00001E+14,ChancellorWater13858,326,0.003067485,3/5/24 10:00,
2990448,28859967,Computer System Engineering,33,6,418252,144593,,0,,144593,1105,https://www.coursehero.com/sitemap/schools/1105-Massachusetts-Institute-of-Technology/courses/2990448-6033/,1105,Massachusetts Institute of Technology,3,Spring,1,2023,28859967,199318094,"Each 6.1800 lecture will come with an outline. You can fill this in during lecture, after lecture, ornot at all  it's entirely up to you how you use it. The goal of these outlines is to help youunderstand the main points that you should be taking away ",4/14/23 9:21,1,17f1787cb5e842d4d935bd6a8fe1b0669fe746bd,FALSE,https://www.coursehero.com/file/199318094/l03pdf/,l03.pdf,1,,Notes,,1.00001E+14,ChancellorWater13858,326,0.003067485,3/5/24 10:00,
2990448,28859967,Computer System Engineering,33,6,418252,144593,,0,,144593,1105,https://www.coursehero.com/sitemap/schools/1105-Massachusetts-Institute-of-Technology/courses/2990448-6033/,1105,Massachusetts Institute of Technology,3,Spring,1,2023,28859967,198315126,,4/6/23 15:12,14,5148c0e81911d6efbe5b3fb936446206965e0ff3,FALSE,https://www.coursehero.com/file/198315126/2019-quiz-1pdf/,2019 quiz 1.pdf,1,,,,1.00001E+14,bjyh2004,334,0.002994012,3/5/24 10:00,
2990448,10173722,Computer System Engineering,33,6,418252,144593,,0,,144593,1105,https://www.coursehero.com/sitemap/schools/1105-Massachusetts-Institute-of-Technology/courses/2990448-6033/,1105,Massachusetts Institute of Technology,3,Spring,0,2019,10173722,39839557,"6.033 Spring 2019Lecture #2Naming in systemsCase study: DNS6.033 | spring 2019 | lacurts@mit.eduLast Time: Enforced Modularity via Client/Server ModelClientinternetload(kaws.com/buy.html?hands)XServerstate on serverclient	|	UID	|	reply",4/4/19 22:37,30,bbe1f6bd8e827e69a0bf63579b2361bf3b663aba,FALSE,https://www.coursehero.com/file/39839557/s02pdf/,s02.pdf,5,,Slides,,1.00001E+14,plahera,1797,0.002782415,3/5/24 10:00,
2990448,10173722,Computer System Engineering,33,6,418252,144593,,0,,144593,1105,https://www.coursehero.com/sitemap/schools/1105-Massachusetts-Institute-of-Technology/courses/2990448-6033/,1105,Massachusetts Institute of Technology,3,Spring,0,2019,10173722,39839529,"6.033 - NamingLecture 2Katrina LaCurts, lacurts@mit.edu1. Previous Lecture/Intro- Complexity limits what we can build- Enforced modularity mitigates complexity- Modularity requires names (how else will modules communicate?)2. Naming in General- Ex",4/4/19 22:37,2,86324cc43731db3b0f296d6b12101fd0d1558c14,FALSE,https://www.coursehero.com/file/39839529/l02pdf/,l02.pdf,4,notes,Notes,Notes,1.00001E+14,plahera,1797,0.002225932,3/5/24 10:00,2nd rnd (2 cat
2990448,10173722,Computer System Engineering,33,6,418252,144593,,0,,144593,1105,https://www.coursehero.com/sitemap/schools/1105-Massachusetts-Institute-of-Technology/courses/2990448-6033/,1105,Massachusetts Institute of Technology,3,Spring,0,2019,10173722,39839532,6.033 Spring 2019Lecture #1ComplexityModularity and abstractionEnforced modularity via client/server models6.033 | spring 2019 | lacurts@mit.eduwhat is a system?a set of interconnected components that has anexpected behavior observed at the,4/4/19 22:37,16,2ec54497ab69fa61fe4af25f655e16d0da0d3ce7,TRUE,https://www.coursehero.com/file/39839532/s01pdf/,s01.pdf,3,,Slides,,1.00001E+14,plahera,1797,0.001669449,3/5/24 10:00,
2990448,10173722,Computer System Engineering,33,6,418252,144593,,0,,144593,1105,https://www.coursehero.com/sitemap/schools/1105-Massachusetts-Institute-of-Technology/courses/2990448-6033/,1105,Massachusetts Institute of Technology,3,Spring,0,2019,10173722,39839517,"6.033 - Operating Systems: PerformanceLecture 7Katrina LaCurts, lacurts@mit.edu0. Previously- Enforced modularity on a single machine via virtualization- Virtual memory, bounded buffers, threads- Saw monolithic vs. microkernels- Talked about VMs as",4/4/19 22:37,4,6a4016e44b3887c7798d2544f8bdc3fc32b60283,TRUE,https://www.coursehero.com/file/39839517/l07pdf/,l07.pdf,3,notes,Notes,Notes,1.00001E+14,plahera,1797,0.001669449,3/5/24 10:00,
2990448,2990448,Computer System Engineering,33,6,418252,144593,,0,,144593,1105,https://www.coursehero.com/sitemap/schools/1105-Massachusetts-Institute-of-Technology/courses/2990448-6033/,1105,Massachusetts Institute of Technology,3,Spring,1,2014,2990448,140499311,"Eraser: A Dynamic Data Race Detector forMultithreaded ProgramsSTEFAN SAVAGEUniversity of WashingtonMICHAEL BURROWS, GREG NELSON, and PATRICK SOBALVARRODigital Equipment CorporationandTHOMAS ANDERSONUniversity of California at BerkeleyMultithreade",4/5/22 15:30,21,36b302b2022dc45efd0ea765f5370619944a2cfc,FALSE,https://www.coursehero.com/file/140499311/Rec5-Eraserpdf/,Rec5 - Eraser.pdf,1,,Other,,1.00001E+14,GeneralWorldMoose15,700,0.001428571,3/5/24 10:00,
2990448,2990448,Computer System Engineering,33,6,418252,144593,,0,,144593,1105,https://www.coursehero.com/sitemap/schools/1105-Massachusetts-Institute-of-Technology/courses/2990448-6033/,1105,Massachusetts Institute of Technology,3,Spring,1,2014,2990448,140499230,"Data Center TCP (DCTCP)Mohammad Alizadeh , Albert Greenberg , David A. Maltz , Jitendra Padhye ,Parveen Patel , Balaji Prabhakar , Sudipta Sengupta , Murari SridharanMicrosoft ResearchStanford University{albert, dmaltz, padhye, parveenp,",4/5/22 15:30,12,c1868c6778d9d5a8519bbc9815329ad75d4a9e25,FALSE,https://www.coursehero.com/file/140499230/Rec11-DCTCPpdf/,Rec11 - DCTCP.pdf,1,,Other,,1.00001E+14,GeneralWorldMoose15,700,0.001428571,3/5/24 10:00,
2990448,2990448,Computer System Engineering,33,6,418252,144593,,0,,144593,1105,https://www.coursehero.com/sitemap/schools/1105-Massachusetts-Institute-of-Technology/courses/2990448-6033/,1105,Massachusetts Institute of Technology,3,Spring,1,2014,2990448,140499043,"SALTZER ET AL.End-to-End Arguments in System Design1END-TO-END ARGUMENTS IN SYSTEM DESIGNJ.H. Saltzer, D.P. Reed and D.D. Clark*M.I.T. Laboratory for Computer ScienceThis paper presents a design principle that helps guide placement of functions amon",4/5/22 15:30,10,87df21e708e8e31b5fce5e448dcbedc375485a44,FALSE,https://www.coursehero.com/file/140499043/Rec13-Endtoendpdf/,Rec13 - Endtoend.pdf,1,,Essay,,1.00001E+14,GeneralWorldMoose15,700,0.001428571,3/5/24 10:00,
2990448,10173722,Computer System Engineering,33,6,418252,144593,,0,,144593,1105,https://www.coursehero.com/sitemap/schools/1105-Massachusetts-Institute-of-Technology/courses/2990448-6033/,1105,Massachusetts Institute of Technology,3,Spring,0,2019,10173722,39839589,"6.033 Spring 2019Lecture #9Link-state RoutingDistance-vector Routing6.033 | spring 2019 | lacurts@mit.eduInternet of ProblemsHow do we route (and address)scalably, while dealing withissues of policy and economy?How do we transport datascala",4/4/19 22:37,80,992cce97f5eddb6b5e13585e14e876892015d3bf,FALSE,https://www.coursehero.com/file/39839589/s09pdf/,s09.pdf,2,,Slides,,1.00001E+14,plahera,1797,0.001112966,3/5/24 10:00,
2990448,10173722,Computer System Engineering,33,6,418252,144593,,0,,144593,1105,https://www.coursehero.com/sitemap/schools/1105-Massachusetts-Institute-of-Technology/courses/2990448-6033/,1105,Massachusetts Institute of Technology,3,Spring,0,2019,10173722,39839550,6.033 Spring 2019Lecture #4Bounded BuffersConcurrencyLocks6.033 | spring 2019 | lacurts@mit.eduoperating systems enforce modularityon a single machine using virtualizationin order to enforce modularity + build an effective operating system,4/4/19 22:37,21,fa5e3ab116d6f2426bcf1d05ba6b9c4a64f68f3e,FALSE,https://www.coursehero.com/file/39839550/s04pdf/,s04.pdf,2,,Slides,,1.00001E+14,plahera,1797,0.001112966,3/5/24 10:00,
2990448,10173722,Computer System Engineering,33,6,418252,144593,,0,,144593,1105,https://www.coursehero.com/sitemap/schools/1105-Massachusetts-Institute-of-Technology/courses/2990448-6033/,1105,Massachusetts Institute of Technology,3,Spring,0,2019,10173722,39839535,"6.033 - Networking: Routing (BGP)Lecture 10Katrina LaCurts, lacurts@mit.edu0. Introduction- Today: routing, some addressing- Enormous growth of Internet =&gt; routing protocols redesigned toscale, and also to enforce policy.- Problem: DV and LS don't ",4/4/19 22:37,4,d1e728ebd85a450f297bc7c1252b55967f083d9d,TRUE,https://www.coursehero.com/file/39839535/l10pdf/,l10.pdf,2,,Notes,,1.00001E+14,plahera,1797,0.001112966,3/5/24 10:00,
2990448,10173722,Computer System Engineering,33,6,418252,144593,,0,,144593,1105,https://www.coursehero.com/sitemap/schools/1105-Massachusetts-Institute-of-Technology/courses/2990448-6033/,1105,Massachusetts Institute of Technology,3,Spring,0,2019,10173722,39839526,6.033 Spring 2019Lecture #5ThreadsCondition VariablesPreemption6.033 | spring 2019 | lacurts@mit.eduoperating systems enforce modularityon a single machine using virtualizationin order to enforce modularity + build an effective operating sy,4/4/19 22:37,31,d6d41c293310b86678c960efaf37c50025428fcc,FALSE,https://www.coursehero.com/file/39839526/s05pdf/,s05.pdf,2,,Slides,,1.00001E+14,plahera,1797,0.001112966,3/5/24 10:00,
2990448,10173722,Computer System Engineering,33,6,418252,144593,,0,,144593,1105,https://www.coursehero.com/sitemap/schools/1105-Massachusetts-Institute-of-Technology/courses/2990448-6033/,1105,Massachusetts Institute of Technology,3,Spring,0,2019,10173722,39839503,"6.033 - Intro to Computer SystemsLecture 1Katrina LaCurts, lacurts@mit.edu1. Introduction to Systems- What is a system?- Complexity makes building systems difficult2. Why is Complexity Bad?- Limits what we can build- Causes lots of other problems",4/4/19 22:37,1,c0f56538b1a19c47ef8e8a923971b64860875fc1,TRUE,https://www.coursehero.com/file/39839503/l01pdf/,l01.pdf,2,notes,Notes,Notes,1.00001E+14,plahera,1797,0.001112966,3/5/24 10:00,
2990448,10173722,Computer System Engineering,33,6,418252,144593,,0,,144593,1105,https://www.coursehero.com/sitemap/schools/1105-Massachusetts-Institute-of-Technology/courses/2990448-6033/,1105,Massachusetts Institute of Technology,3,Spring,0,2019,10173722,39839502,"6.033 - Operating Systems: StructureLecture 6Katrina LaCurts, lacurts@mit.edu1. Virtual Machines- How to run multiple OSes on one machine?- Constraint: compatibility. Don't want to change existing kernelcode.- We'll run multiple virtual machines (V",4/4/19 22:37,3,8cd6227bbcc86eea1b5a574d68a9d917f747f473,TRUE,https://www.coursehero.com/file/39839502/l06pdf/,l06.pdf,2,,Notes,,1.00001E+14,plahera,1797,0.001112966,3/5/24 10:00,
2990448,10173722,Computer System Engineering,33,6,418252,144593,,0,,144593,1105,https://www.coursehero.com/sitemap/schools/1105-Massachusetts-Institute-of-Technology/courses/2990448-6033/,1105,Massachusetts Institute of Technology,3,Spring,0,2019,10173722,39839475,6.033 Spring 2019Lecture #3Operating systemsVirtual memoryOS abstractions6.033 | spring 2019 | lacurts@mit.eduLingering ProblemClientinternetServerload(amazon.com/buy.html?hands)what if we don't want our modules to be on entirelysepar,4/4/19 22:37,21,54aae2c0b569dc4d9e006337a0d49b320e3c3b8a,FALSE,https://www.coursehero.com/file/39839475/s03pdf/,s03.pdf,2,,Slides,,1.00001E+14,plahera,1797,0.001112966,3/5/24 10:00,
2990448,10173722,Computer System Engineering,33,6,418252,144593,,0,,144593,1105,https://www.coursehero.com/sitemap/schools/1105-Massachusetts-Institute-of-Technology/courses/2990448-6033/,1105,Massachusetts Institute of Technology,3,Spring,0,2019,10173722,39839565,"6.033: Networking - In-network Resource ManagementLecture 12Katrina LaCurts, lacurts@mit.edu0. Introduction- Last time: TCP CC. Massive success. Doesn't require us to changethe network, is something machines can opt-in to (don't have tohave reliable",4/4/19 22:37,6,83d7969841160a08953ae30b55eb21e1492b0215,TRUE,https://www.coursehero.com/file/39839565/l12pdf/,l12.pdf,1,,Notes,,1.00001E+14,plahera,1797,0.000556483,3/5/24 10:00,
2990448,10173722,Computer System Engineering,33,6,418252,144593,,0,,144593,1105,https://www.coursehero.com/sitemap/schools/1105-Massachusetts-Institute-of-Technology/courses/2990448-6033/,1105,Massachusetts Institute of Technology,3,Spring,0,2019,10173722,39839548,"6.033 - Networking: IntroductionLecture 8Katrina LaCurts, lacurts@mit.edu0. Welcome to networking- How networks work is a big part of systems- Network = source of failure for many systems. Why?- Today: intro to network / history of Internet. Look fo",4/4/19 22:37,3,12efdca4103314f9ba11d7f5061e51da63a5a240,TRUE,https://www.coursehero.com/file/39839548/l08pdf/,l08.pdf,1,,Notes,,1.00001E+14,plahera,1797,0.000556483,3/5/24 10:00,
2990448,10173722,Computer System Engineering,33,6,418252,144593,,0,,144593,1105,https://www.coursehero.com/sitemap/schools/1105-Massachusetts-Institute-of-Technology/courses/2990448-6033/,1105,Massachusetts Institute of Technology,3,Spring,0,2019,10173722,39839525,,4/4/19 22:56,15,b16bc84d79a08a762734606fac67dae31f063b51,FALSE,https://www.coursehero.com/file/39839525/s17-1pdf/,s17_1.pdf,1,,Other,,1.00001E+14,plahera,1797,0.000556483,3/5/24 10:00,
2990448,35250644,Computer System Engineering,33,6,418252,144593,,0,,144593,1105,https://www.coursehero.com/sitemap/schools/1105-Massachusetts-Institute-of-Technology/courses/2990448-6033/,1105,Massachusetts Institute of Technology,3,Spring,1,2024,35250644,224612554,6.033 Spring 2021Lecture #6: Virtual Machines and Performancewrapping up operating systemsKatrina LaCurts | lacurts@mit.edu | 6.033 2021operating systems enforce modularity on a single machine using virtualizationin order to enforce modularity + hav,2/5/24 21:12,13,187e0a5a0429219b188a1cbbb75a2a550a5ac2fb,FALSE,https://www.coursehero.com/file/224612554/s06-virtual-machinepdf/,s06 virtual machine.pdf,0,,,,1.00001E+14,SuperIronHamster5767,29,0,3/5/24 10:00,
2990448,32642127,Computer System Engineering,33,6,418252,144593,,0,,144593,1105,https://www.coursehero.com/sitemap/schools/1105-Massachusetts-Institute-of-Technology/courses/2990448-6033/,1105,Massachusetts Institute of Technology,1,Fall,1,2023,32642127,220182581,6.1800 Spring 2023Lecture #20: Replicated State Machineshigh availability + single-copy consistencyKatrina LaCurts | lacurts@mit.edu | 6.1800 20236.1800 in the newshttps:/www.nytimes.com/2023/04/21/us/spacex-rocket-dust-texas.htmlKatrina LaCurts | ,12/3/23 11:58,30,da4b81966375290457d2a4551a3054c48107d7db,FALSE,https://www.coursehero.com/file/220182581/s20pdf/,s20.pdf,0,,,,1.00001E+14,KidThunder10421,93,0,3/5/24 10:00,
2990448,32642127,Computer System Engineering,33,6,418252,144593,,0,,144593,1105,https://www.coursehero.com/sitemap/schools/1105-Massachusetts-Institute-of-Technology/courses/2990448-6033/,1105,Massachusetts Institute of Technology,1,Fall,1,2023,32642127,220182579,6.1800 Spring 2023Lecture #24: Torwhat to do when secure channels aren't enoughKatrina LaCurts | lacurts@mit.edu | 6.1800 20236.1800 in the newshttps:/arstechnica.com/information-technology/2023/05/report-microsoftplans-privacy-first-chatgpt-for-bus,12/3/23 11:58,27,11d051d7f56b20a28abec1f061378e28d6cf3a68,FALSE,https://www.coursehero.com/file/220182579/s24pdf/,s24.pdf,0,,,,1.00001E+14,KidThunder10421,93,0,3/5/24 10:00,
2990448,32642127,Computer System Engineering,33,6,418252,144593,,0,,144593,1105,https://www.coursehero.com/sitemap/schools/1105-Massachusetts-Institute-of-Technology/courses/2990448-6033/,1105,Massachusetts Institute of Technology,1,Fall,1,2023,32642127,220182571,"6.1800 Spring 2023Lecture #18: Isolationwhat do we want from isolation, and how do we get it?Katrina LaCurts | lacurts@mit.edu | 6.1800 20236.1800 in the newshttps:/www.nytimes.com/2023/04/09/business/bitcoin-mining-electricity-pollution.htmlKatrin",12/3/23 11:58,29,5ffd01ed1cc46845375d873774a95d24e6e1c92c,FALSE,https://www.coursehero.com/file/220182571/s18pdf/,s18.pdf,0,,,,1.00001E+14,KidThunder10421,93,0,3/5/24 10:00,
2990448,32642127,Computer System Engineering,33,6,418252,144593,,0,,144593,1105,https://www.coursehero.com/sitemap/schools/1105-Massachusetts-Institute-of-Technology/courses/2990448-6033/,1105,Massachusetts Institute of Technology,1,Fall,1,2023,32642127,220182455,6.1800 Spring 2023Lecture #21: Authenticationauthenticating users through the magic of (salted) hash functionsKatrina LaCurts | lacurts@mit.edu | 6.1800 2023steps towards building a more secure system1. be clear about goals (policy)2. be clear abou,12/3/23 11:58,26,5e89dd0b52c6ddb70a79f579ba95b6bcac5dc105,FALSE,https://www.coursehero.com/file/220182455/s21pdf/,s21.pdf,0,,,,1.00001E+14,KidThunder10421,93,0,3/5/24 10:00,
2990448,32642127,Computer System Engineering,33,6,418252,144593,,0,,144593,1105,https://www.coursehero.com/sitemap/schools/1105-Massachusetts-Institute-of-Technology/courses/2990448-6033/,1105,Massachusetts Institute of Technology,1,Fall,1,2023,32642127,220182419,6.1800 Spring 2023Lecture #17: Atomicity via Loggingsuperior to shadow copies in almost every wayKatrina LaCurts | lacurts@mit.edu | 6.1800 20236.1800 in the newshttps:/cloud.google.com/blog/topics/systems/tpu-v4-enables-performance-energy-and-co2e-,12/3/23 11:58,33,f5afdca15c3bc60e3067b80b4d95505878a26fe6,FALSE,https://www.coursehero.com/file/220182419/s17pdf/,s17.pdf,0,,,,1.00001E+14,KidThunder10421,93,0,3/5/24 10:00,
2990448,32642127,Computer System Engineering,33,6,418252,144593,,0,,144593,1105,https://www.coursehero.com/sitemap/schools/1105-Massachusetts-Institute-of-Technology/courses/2990448-6033/,1105,Massachusetts Institute of Technology,1,Fall,1,2023,32642127,220182390,6.1800 Spring 2023Lecture #25: Network-based attackspreventing access  denying service  to online resourcesKatrina LaCurts | lacurts@mit.edu | 6.1800 20236.1800 in the newshttps:/www.vice.com/en/article/m7vzjb/location-data-abortion-clinics-safegr,12/3/23 11:58,17,1b6ecd14b9348d76e2eda799d5df8977db5e922f,FALSE,https://www.coursehero.com/file/220182390/s25pdf/,s25.pdf,0,,,,1.00001E+14,KidThunder10421,93,0,3/5/24 10:00,
2990448,32642127,Computer System Engineering,33,6,418252,144593,,0,,144593,1105,https://www.coursehero.com/sitemap/schools/1105-Massachusetts-Institute-of-Technology/courses/2990448-6033/,1105,Massachusetts Institute of Technology,1,Fall,1,2023,32642127,220182375,6.1800 Spring 2023Lecture #23: Secure Channelsconfidentiality and integrity through the magic of cryptographyKatrina LaCurts | lacurts@mit.edu | 6.1800 20236.1800 in the newshttps:/arstechnica.com/information-technology/2023/05/two-core-unix-like-ut,12/3/23 11:58,26,627e52426b1ae37f30a719bccec51a84153f1c85,FALSE,https://www.coursehero.com/file/220182375/s23pdf/,s23.pdf,0,,,,1.00001E+14,KidThunder10421,93,0,3/5/24 10:00,
2990448,32642127,Computer System Engineering,33,6,418252,144593,,0,,144593,1105,https://www.coursehero.com/sitemap/schools/1105-Massachusetts-Institute-of-Technology/courses/2990448-6033/,1105,Massachusetts Institute of Technology,1,Fall,1,2023,32642127,220182344,"6.1800 Spring 2023Lecture #22: Low-level Exploitssmashing stacks, trusting trustKatrina LaCurts | lacurts@mit.edu | 6.1800 2023username saltslow_hash(password|salt)TU6kbcuPm7jA./IQYZG.8O rBda9fbnXhUCWi6c9MjlUtQFlK1I4Squser1y7oSC2QsrvXTzEZlDZFdwu ",12/3/23 11:58,22,7b7cd85d7344fff8700abb1d47f439da3aa29005,FALSE,https://www.coursehero.com/file/220182344/s22pdf/,s22.pdf,0,,,,1.00001E+14,KidThunder10421,93,0,3/5/24 10:00,
2990448,31667302,Computer System Engineering,33,6,418252,144593,,0,,144593,1105,https://www.coursehero.com/sitemap/schools/1105-Massachusetts-Institute-of-Technology/courses/2990448-6033/,1105,Massachusetts Institute of Technology,4,Summer,1,2023,31667302,207696805,"6.033	systems	critique:	preparation	worksheet			Paper		Summary	of	system:	What	is	it?	What	does	it	do?				Does	DNS	respond	to	a	previous	system?	What	problem	is	solved	by	DNS?			What	are	the	modules	of	the	system?	How	do	they	interact",7/6/23 21:52,3,6f49a2de7d65acc990beb79bcf3fe1f7be004b20,FALSE,https://www.coursehero.com/file/207696805/40c59cdf5cc3002f4f5752bcd63188fe-MIT6-033S18-Crit1Worksheetpdf/,40c59cdf5cc3002f4f5752bcd63188fe_MIT6_033S18_Crit1Worksheet.pdf,0,,Notes,,1.00001E+14,BruhMomentoz,243,0,3/5/24 10:00,
2990448,28859967,Computer System Engineering,33,6,418252,144593,,0,,144593,1105,https://www.coursehero.com/sitemap/schools/1105-Massachusetts-Institute-of-Technology/courses/2990448-6033/,1105,Massachusetts Institute of Technology,3,Spring,1,2023,28859967,202114638,"2014 IEEE Security and Privacy WorkshopsTowards Forensic Analysis of Attacks with DNSSECHaya Shulman and Michael WaidnerFachbereich InformatikTechnische Universitat Darmstadt{haya.shulman, michael.waidner}@cased.deAbstractDNS cache poisoning is a ",5/5/23 14:06,8,0d412391a0a11d0c104fe597a6850e4cadd8d73d,FALSE,https://www.coursehero.com/file/202114638/dnssecpdf/,dnssec.pdf,0,,Essay,,1.00001E+14,ChancellorWater13858,305,0,3/5/24 10:00,
2990448,28859967,Computer System Engineering,33,6,418252,144593,,0,,144593,1105,https://www.coursehero.com/sitemap/schools/1105-Massachusetts-Institute-of-Technology/courses/2990448-6033/,1105,Massachusetts Institute of Technology,3,Spring,1,2023,28859967,199318424,"Each 6.1800 lecture will come with an outline. You can fill this in during lecture, after lecture, ornot at all  it's entirely up to you how you use it. The goal of these outlines is to help youunderstand the main points that you should be taking away ",4/14/23 9:21,1,fad306cb08e547ed0a8807685f0518d4610323f9,FALSE,https://www.coursehero.com/file/199318424/l05pdf/,l05.pdf,0,,Notes,,1.00001E+14,ChancellorWater13858,326,0,3/5/24 10:00,
2990448,28859967,Computer System Engineering,33,6,418252,144593,,0,,144593,1105,https://www.coursehero.com/sitemap/schools/1105-Massachusetts-Institute-of-Technology/courses/2990448-6033/,1105,Massachusetts Institute of Technology,3,Spring,1,2023,28859967,199318224,6.1800 in the newshttps:/www.bostonglobe.com/2023/02/14/metro/that-stream-lightssky-theyre-starlink-satellites-heres-when-you-can-see-them-tonight/Katrina LaCurts | lacurts@mit.edu | 6.1800 20236.1800 in the newshttps:/ ndstarlink.com/#4931972;3fih,4/14/23 9:22,85,76b4bc697f6a0eb7920e8e10fd0129b0c07f25a5,TRUE,https://www.coursehero.com/file/199318224/s04-longpdf/,s04-long.pdf,0,,,,1.00001E+14,ChancellorWater13858,326,0,3/5/24 10:00,
2990448,28859967,Computer System Engineering,33,6,418252,144593,,0,,144593,1105,https://www.coursehero.com/sitemap/schools/1105-Massachusetts-Institute-of-Technology/courses/2990448-6033/,1105,Massachusetts Institute of Technology,3,Spring,1,2023,28859967,199318137,"Each 6.1800 lecture will come with an outline. You can fill this in during lecture, after lecture, ornot at all  it's entirely up to you how you use it. The goal of these outlines is to help youunderstand the main points that you should be taking away ",4/14/23 9:22,1,c9568f71b5ddf4ced1a841ef343fa77f0aa7a5a6,FALSE,https://www.coursehero.com/file/199318137/l01pdf/,l01.pdf,0,,Notes,,1.00001E+14,ChancellorWater13858,326,0,3/5/24 10:00,
2990448,28859967,Computer System Engineering,33,6,418252,144593,,0,,144593,1105,https://www.coursehero.com/sitemap/schools/1105-Massachusetts-Institute-of-Technology/courses/2990448-6033/,1105,Massachusetts Institute of Technology,3,Spring,1,2023,28859967,198315144,Recitation 17  ZFSZFS' Goals Data integrity Simple administration ScalabilityModules Storage pool allocator Allows for separation of filesystem specification and creation from disk allocation.Filesystem size can be dynamic. Metadata stored,4/6/23 15:14,1,9312645755db60c25c7186c98c83517ddb6ca162,FALSE,https://www.coursehero.com/file/198315144/ZFS-Notespdf/,ZFS Notes.pdf,0,,Notes,,1.00001E+14,bjyh2004,334,0,3/5/24 10:00,
2990448,2990448,Computer System Engineering,33,6,418252,144593,,0,,144593,1105,https://www.coursehero.com/sitemap/schools/1105-Massachusetts-Institute-of-Technology/courses/2990448-6033/,1105,Massachusetts Institute of Technology,3,Spring,1,2014,2990448,140510693,,4/5/22 15:30,14,fbbe1487b9f4fe55cb543738f56342f905a97241,FALSE,https://www.coursehero.com/file/140510693/Rec3-4-Unixpdf/,Rec3-4 - Unix.pdf,0,,Other,,1.00001E+14,GeneralWorldMoose15,700,0,3/5/24 10:00,
2990448,2990448,Computer System Engineering,33,6,418252,144593,,0,,144593,1105,https://www.coursehero.com/sitemap/schools/1105-Massachusetts-Institute-of-Technology/courses/2990448-6033/,1105,Massachusetts Institute of Technology,3,Spring,1,2014,2990448,140510290,,4/5/22 15:25,1,951127523e48bce494ce2101ce28e003c525ce41,FALSE,https://www.coursehero.com/file/140510290/r08-Notes-Encapsulationpdf/,r08 Notes Encapsulation.pdf,0,,Other,,1.00001E+14,GeneralWorldMoose15,700,0,3/5/24 10:00,
2990448,2990448,Computer System Engineering,33,6,418252,144593,,0,,144593,1105,https://www.coursehero.com/sitemap/schools/1105-Massachusetts-Institute-of-Technology/courses/2990448-6033/,1105,Massachusetts Institute of Technology,3,Spring,1,2014,2990448,140510281,,4/5/22 15:25,1,7cd3d0ec6e4a560c6fbb03b38b84a92b7ed934b6,FALSE,https://www.coursehero.com/file/140510281/r05-Notes-Eraserpdf/,r05 Notes Eraser.pdf,0,,Other,,1.00001E+14,GeneralWorldMoose15,700,0,3/5/24 10:00,
2990448,2990448,Computer System Engineering,33,6,418252,144593,,0,,144593,1105,https://www.coursehero.com/sitemap/schools/1105-Massachusetts-Institute-of-Technology/courses/2990448-6033/,1105,Massachusetts Institute of Technology,3,Spring,1,2014,2990448,140510239,,4/5/22 15:25,1,9a62aa79a9deb359af51fed37581ba895f136596,FALSE,https://www.coursehero.com/file/140510239/r01-Notespdf/,r01 Notes.pdf,0,,Other,,1.00001E+14,GeneralWorldMoose15,700,0,3/5/24 10:00,
2990448,2990448,Computer System Engineering,33,6,418252,144593,,0,,144593,1105,https://www.coursehero.com/sitemap/schools/1105-Massachusetts-Institute-of-Technology/courses/2990448-6033/,1105,Massachusetts Institute of Technology,3,Spring,1,2014,2990448,140510233,,4/5/22 15:25,1,1bd8c9943b283961b7343ed11efc72199b64a43c,FALSE,https://www.coursehero.com/file/140510233/r04-Notes-UNIX-2pdf/,r04 Notes UNIX 2.pdf,0,,Other,,1.00001E+14,GeneralWorldMoose15,700,0,3/5/24 10:00,
2990448,2990448,Computer System Engineering,33,6,418252,144593,,0,,144593,1105,https://www.coursehero.com/sitemap/schools/1105-Massachusetts-Institute-of-Technology/courses/2990448-6033/,1105,Massachusetts Institute of Technology,3,Spring,1,2014,2990448,140510226,,4/5/22 15:25,1,8db194467c73d527c7542eea74939725b6f85d89,FALSE,https://www.coursehero.com/file/140510226/r12-Notes-CDNspdf/,r12 Notes CDNs.pdf,0,,Other,,1.00001E+14,GeneralWorldMoose15,700,0,3/5/24 10:00,
2990448,2990448,Computer System Engineering,33,6,418252,144593,,0,,144593,1105,https://www.coursehero.com/sitemap/schools/1105-Massachusetts-Institute-of-Technology/courses/2990448-6033/,1105,Massachusetts Institute of Technology,3,Spring,1,2014,2990448,140510212,,4/5/22 15:25,1,eb47782fb7c6b51b0cae8f538f2df85dd4382296,FALSE,https://www.coursehero.com/file/140510212/r10-Notes-DARPApdf/,r10 Notes DARPA.pdf,0,,Other,,1.00001E+14,GeneralWorldMoose15,700,0,3/5/24 10:00,
2990448,2990448,Computer System Engineering,33,6,418252,144593,,0,,144593,1105,https://www.coursehero.com/sitemap/schools/1105-Massachusetts-Institute-of-Technology/courses/2990448-6033/,1105,Massachusetts Institute of Technology,3,Spring,1,2014,2990448,140510204,,4/5/22 15:25,1,b39fe2be20b493e67ae20cac8fc2e448b42dc99c,FALSE,https://www.coursehero.com/file/140510204/r09-Notes-RONpdf/,r09 Notes RON.pdf,0,,Other,,1.00001E+14,GeneralWorldMoose15,700,0,3/5/24 10:00,
2990448,2990448,Computer System Engineering,33,6,418252,144593,,0,,144593,1105,https://www.coursehero.com/sitemap/schools/1105-Massachusetts-Institute-of-Technology/courses/2990448-6033/,1105,Massachusetts Institute of Technology,3,Spring,1,2014,2990448,140510168,,4/5/22 15:25,1,b76f47c05a7bdfcc1254b80e12a2731a114d7ad7,FALSE,https://www.coursehero.com/file/140510168/r07-Notes-Ethernetpdf/,r07 Notes Ethernet.pdf,0,,Other,,1.00001E+14,GeneralWorldMoose15,700,0,3/5/24 10:00,
2990448,2990448,Computer System Engineering,33,6,418252,144593,,0,,144593,1105,https://www.coursehero.com/sitemap/schools/1105-Massachusetts-Institute-of-Technology/courses/2990448-6033/,1105,Massachusetts Institute of Technology,3,Spring,1,2014,2990448,140510161,,4/5/22 15:25,1,d6c81341b192fb1346e70e7e6321ce53986fcdc8,FALSE,https://www.coursehero.com/file/140510161/r03-Notes-UNIX-1pdf/,r03 Notes UNIX 1.pdf,0,,Other,,1.00001E+14,GeneralWorldMoose15,700,0,3/5/24 10:00,
2990448,2990448,Computer System Engineering,33,6,418252,144593,,0,,144593,1105,https://www.coursehero.com/sitemap/schools/1105-Massachusetts-Institute-of-Technology/courses/2990448-6033/,1105,Massachusetts Institute of Technology,3,Spring,1,2014,2990448,140510157,,4/5/22 15:25,1,e150400fd7cee3e7a9794c195ea26351f179290b,FALSE,https://www.coursehero.com/file/140510157/r11-Notes-DCTCPpdf/,r11 Notes DCTCP.pdf,0,,Other,,1.00001E+14,GeneralWorldMoose15,700,0,3/5/24 10:00,
2990448,2990448,Computer System Engineering,33,6,418252,144593,,0,,144593,1105,https://www.coursehero.com/sitemap/schools/1105-Massachusetts-Institute-of-Technology/courses/2990448-6033/,1105,Massachusetts Institute of Technology,3,Spring,1,2014,2990448,140510146,,4/5/22 15:25,1,a60af863ccecc562387bbbabe03196bcc45656bb,FALSE,https://www.coursehero.com/file/140510146/r13-Notes-E2Epdf/,r13 Notes E2E.pdf,0,,Other,,1.00001E+14,GeneralWorldMoose15,700,0,3/5/24 10:00,
2990448,2990448,Computer System Engineering,33,6,418252,144593,,0,,144593,1105,https://www.coursehero.com/sitemap/schools/1105-Massachusetts-Institute-of-Technology/courses/2990448-6033/,1105,Massachusetts Institute of Technology,3,Spring,1,2014,2990448,140510142,,4/5/22 15:25,2,cf2de1fe084e31b9a7b93da58be6b246c270e5fa,FALSE,https://www.coursehero.com/file/140510142/r02-Notes-DNSpdf/,r02 Notes DNS.pdf,0,,Other,,1.00001E+14,GeneralWorldMoose15,700,0,3/5/24 10:00,
2990448,2990448,Computer System Engineering,33,6,418252,144593,,0,,144593,1105,https://www.coursehero.com/sitemap/schools/1105-Massachusetts-Institute-of-Technology/courses/2990448-6033/,1105,Massachusetts Institute of Technology,3,Spring,1,2014,2990448,67205372,6.033 Spring 2017Lecture #26The Importance of PolicyorMiscellaneous topics that youshould know about and that wecouldn't fit into the syllabus thissemester.6.033 | spring 2017 | lacurts@mit.edunet neutralityPrevious Lectures2015 FCC ruling pro,8/31/20 1:20,14,b197dbade86c8e93e26d1e595ab58cddd6918e4b,TRUE,https://www.coursehero.com/file/67205372/s26pdf/,s26.pdf,0,,Slides,,1.00001E+14,MagistrateValor752,1282,0,3/5/24 10:00,
2990448,10173722,Computer System Engineering,33,6,418252,144593,,0,,144593,1105,https://www.coursehero.com/sitemap/schools/1105-Massachusetts-Institute-of-Technology/courses/2990448-6033/,1105,Massachusetts Institute of Technology,3,Spring,0,2019,10173722,39839564,,4/4/19 22:56,11,3f616cedfa0c5168df186a1386c1efdd618188a4,FALSE,https://www.coursehero.com/file/39839564/s18-1pdf/,s18_1.pdf,0,,Other,,1.00001E+14,plahera,1797,0,3/5/24 10:00,
2990448,10173722,Computer System Engineering,33,6,418252,144593,,0,,144593,1105,https://www.coursehero.com/sitemap/schools/1105-Massachusetts-Institute-of-Technology/courses/2990448-6033/,1105,Massachusetts Institute of Technology,3,Spring,0,2019,10173722,39839552,"6.033 Spring 2019Lecture #12In-network resource management Queue management schemes Traffic differentiation6.033 | spring 2019 | lacurts@mit.eduInternet of ProblemsHow do we route (and address)scalably, while dealing withissues of policy and",4/4/19 22:37,18,8eb295221447deb8364369d1656ee7ab3192bac5,TRUE,https://www.coursehero.com/file/39839552/s12pdf/,s12.pdf,0,,Slides,,1.00001E+14,plahera,1797,0,3/5/24 10:00,
2990448,10173722,Computer System Engineering,33,6,418252,144593,,0,,144593,1105,https://www.coursehero.com/sitemap/schools/1105-Massachusetts-Institute-of-Technology/courses/2990448-6033/,1105,Massachusetts Institute of Technology,3,Spring,0,2019,10173722,39839543,"Basic Reliable Transport ProtocolsDo not be alarmed by the length of this guide. There are a lot of pictures.You've seen in lecture that most of the networks we're dealing with are best-effort: they do theirbest, but do not guarantee perfect reliabi",4/4/19 22:37,8,fdeea36c13cfb6e969e602bfaae001a312832726,TRUE,https://www.coursehero.com/file/39839543/rtp-guidepdf/,rtp_guide.pdf,0,,Notes,,1.00001E+14,plahera,1797,0,3/5/24 10:00,
2990448,10173722,Computer System Engineering,33,6,418252,144593,,0,,144593,1105,https://www.coursehero.com/sitemap/schools/1105-Massachusetts-Institute-of-Technology/courses/2990448-6033/,1105,Massachusetts Institute of Technology,3,Spring,0,2019,10173722,39839542,"6.033: Networking: P2P Networks + CDNsLecture 13Katrina LaCurts, lacurts@mit.edu0. Introduction- ""New"" technologies on the Internet. How do they work? Are theyovercoming any problems in the existing architecture? Dothey invalidate any of our assumpt",4/4/19 22:37,3,c45a22252951154a6dbbab48e906437ed0713595,TRUE,https://www.coursehero.com/file/39839542/l13pdf/,l13.pdf,0,,Notes,,1.00001E+14,plahera,1797,0,3/5/24 10:00,
2990448,10173722,Computer System Engineering,33,6,418252,144593,,0,,144593,1105,https://www.coursehero.com/sitemap/schools/1105-Massachusetts-Institute-of-Technology/courses/2990448-6033/,1105,Massachusetts Institute of Technology,3,Spring,0,2019,10173722,39839527,"6.033 - Operating Systems: ThreadsLecture 5Katrina LaCurts, lacurts@mit.eduStudents: this lecture involved looking at the details of a lot ofcode. Please see the slides for those implementations (yield(),wait(), yield_wait()0. Intro- Today: get rid",4/4/19 22:37,2,af7ec0409d903df1cd251778459267a81e06d196,TRUE,https://www.coursehero.com/file/39839527/l05pdf/,l05.pdf,0,,Notes,,1.00001E+14,plahera,1797,0,3/5/24 10:00,
2990448,10173722,Computer System Engineering,33,6,418252,144593,,0,,144593,1105,https://www.coursehero.com/sitemap/schools/1105-Massachusetts-Institute-of-Technology/courses/2990448-6033/,1105,Massachusetts Institute of Technology,3,Spring,0,2019,10173722,39839523,"6.033 - Network: Reliable Transport and Congestion ControlLecture #11Katrina LaCurts, lacurts@mit.edu0. Introduction- Last week: how to route scalably in the face of policy and economy- This week: how to transport scalably in the face of diverseappl",4/4/19 22:37,3,9dd26f2ef611ca30d850f2bc7cdfbead0ef919b9,TRUE,https://www.coursehero.com/file/39839523/l11pdf/,l11.pdf,0,,Notes,,1.00001E+14,plahera,1797,0,3/5/24 10:00,
2990448,10173722,Computer System Engineering,33,6,418252,144593,,0,,144593,1105,https://www.coursehero.com/sitemap/schools/1105-Massachusetts-Institute-of-Technology/courses/2990448-6033/,1105,Massachusetts Institute of Technology,3,Spring,0,2019,10173722,39839519,"6.033 Spring 2019Lecture #13New Technologies on the Internet File-sharing (BitTorrent, DHTs) VoIP (Skype) Video Streaming6.033 | spring 2019 | lacurts@mit.eduInternet of ProblemsHow do we route (and address)scalably, while dealing withissu",4/4/19 22:37,23,cdfdb1a5548d5189c5c21149017f38461e61eca0,TRUE,https://www.coursehero.com/file/39839519/s13pdf/,s13.pdf,0,,Slides,,1.00001E+14,plahera,1797,0,3/5/24 10:00,
2990448,10173722,Computer System Engineering,33,6,418252,144593,,0,,144593,1105,https://www.coursehero.com/sitemap/schools/1105-Massachusetts-Institute-of-Technology/courses/2990448-6033/,1105,Massachusetts Institute of Technology,3,Spring,0,2019,10173722,39839512,6.033 Spring 2019Lecture #7Approaching Performance ProblemsGeneral Performance-improvement Techniques6.033 | spring 2019 | lacurts@mit.eduoperating systems enforce modularityon a single machine using virtualizationin order to enforce modularit,4/4/19 22:37,14,7ce6aee61d2f7336a9ff85c851609bc6b06edc75,FALSE,https://www.coursehero.com/file/39839512/s07pdf/,s07.pdf,0,,Slides,,1.00001E+14,plahera,1797,0,3/5/24 10:00,
2990448,10173722,Computer System Engineering,33,6,418252,144593,,0,,144593,1105,https://www.coursehero.com/sitemap/schools/1105-Massachusetts-Institute-of-Technology/courses/2990448-6033/,1105,Massachusetts Institute of Technology,3,Spring,0,2019,10173722,39839511,"6.033 - Bounded Buffers + Concurrency + LocksLecture 4Katrina LaCurts, lacurts@mit.edu0. Previously- We're on a quest to enforce modularity on a single machine- Last time: virtualize memory to prevent programs from accessingeach other's memory- Thi",4/4/19 22:37,5,2b85c6295b3e66b17a6b249e414f3f58a612b12f,TRUE,https://www.coursehero.com/file/39839511/l04pdf/,l04.pdf,0,,Notes,,1.00001E+14,plahera,1797,0,3/5/24 10:00,
2990448,10173722,Computer System Engineering,33,6,418252,144593,,0,,144593,1105,https://www.coursehero.com/sitemap/schools/1105-Massachusetts-Institute-of-Technology/courses/2990448-6033/,1105,Massachusetts Institute of Technology,3,Spring,0,2019,10173722,39839509,"6.033 Spring 2019Lecture #11Reliable TransportWindow-based Congestion Control6.033 | spring 2019 | lacurts@mit.eduInternet of ProblemsHow do we route (and address)scalably, while dealing withissues of policy and economy?BGPHow do we transpo",4/4/19 22:37,43,40160b29d9033c4452fe093c12fe670f79f389f3,TRUE,https://www.coursehero.com/file/39839509/s11pdf/,s11.pdf,0,,Slides,,1.00001E+14,plahera,1797,0,3/5/24 10:00,
2990448,10173722,Computer System Engineering,33,6,418252,144593,,0,,144593,1105,https://www.coursehero.com/sitemap/schools/1105-Massachusetts-Institute-of-Technology/courses/2990448-6033/,1105,Massachusetts Institute of Technology,3,Spring,0,2019,10173722,39839506,"6.033 - RoutingLecture #9Katrina LaCurts, lacurts@mit.edu0. Intro- Today: link-state and distance-vector routing- Neither of these routing protocols is used to route across theentire Internet; let's find out why.1. Routing protocols in general- Go",4/4/19 22:37,3,3eacf28746ca545a817afdd970d12c22448ac6fd,FALSE,https://www.coursehero.com/file/39839506/l09pdf/,l09.pdf,0,,Notes,,1.00001E+14,plahera,1797,0,3/5/24 10:00,
2990448,10173722,Computer System Engineering,33,6,418252,144593,,0,,144593,1105,https://www.coursehero.com/sitemap/schools/1105-Massachusetts-Institute-of-Technology/courses/2990448-6033/,1105,Massachusetts Institute of Technology,3,Spring,0,2019,10173722,39839500,6.033 Spring 2019Lecture #6Monolithic kernels vs. MicrokernelsVirtual Machines6.033 | spring 2019 | lacurts@mit.eduoperating systems enforce modularityon a single machine using virtualizationin order to enforce modularity + build an effective ,4/4/19 22:37,13,5f2d9ac46256af5e6cd7039851d4e63243da3907,FALSE,https://www.coursehero.com/file/39839500/s06pdf/,s06.pdf,0,,Slides,,1.00001E+14,plahera,1797,0,3/5/24 10:00,
2990448,10173722,Computer System Engineering,33,6,418252,144593,,0,,144593,1105,https://www.coursehero.com/sitemap/schools/1105-Massachusetts-Institute-of-Technology/courses/2990448-6033/,1105,Massachusetts Institute of Technology,3,Spring,0,2019,10173722,39839480,"6.033 - Operating Systems + Virtual MemoryLecture 3Katrina LaCurts, lacurts@mit.edu0. Previously- Modularity reduces complexity- Naming is necessary for modularity1. Operating Systems- Job: enforce modularity on a single machine- Also: multiplexin",4/4/19 22:37,2,43bb9102c4d18df77f2fde2e928eaf8cb84a5c68,FALSE,https://www.coursehero.com/file/39839480/l03pdf/,l03.pdf,0,notes,Notes,Notes,1.00001E+14,plahera,1797,0,3/5/24 10:00,